stock_code	stock_name	stock_name_en	market	target_sector	target_industry	target_business_model	confidence_score	confidence_level	ranker_model_version	financial_data_as_of	strength_titles	strength_icons	peer1_dimension	peer1_ticker	peer1_company_name	peer1_exchange	peer1_country	peer1_similarity_score	peer1_business_tags	peer1_sector	peer1_industry	peer1_business_model	peer1_scale_bucket	peer1_fiscal_year	peer1_market_cap_usd	peer1_revenue_usd	peer1_operating_income_usd	peer1_net_income_usd	peer1_financial_data_source	peer1_financial_similarity_score	peer2_dimension	peer2_ticker	peer2_company_name	peer2_exchange	peer2_country	peer2_similarity_score	peer2_business_tags	peer2_sector	peer2_industry	peer2_business_model	peer2_scale_bucket	peer2_fiscal_year	peer2_market_cap_usd	peer2_revenue_usd	peer2_operating_income_usd	peer2_net_income_usd	peer2_financial_data_source	peer2_financial_similarity_score	peer3_dimension	peer3_ticker	peer3_company_name	peer3_exchange	peer3_country	peer3_similarity_score	peer3_business_tags	peer3_sector	peer3_industry	peer3_business_model	peer3_scale_bucket	peer3_fiscal_year	peer3_market_cap_usd	peer3_revenue_usd	peer3_operating_income_usd	peer3_net_income_usd	peer3_financial_data_source	peer3_financial_similarity_score
000100	유한양행	Yuhanyanghaeng	KOSPI	Health Care	Biotechnology	Biotechnology research, development, and manufacturing	0.4842	MEDIUM	global-peer-dynamic-similarity-20260721034730	2025-12-31	Biotechnology Platform;Industrial Solutions;Multi-Division Operations;Global Reach	biotechnology;industrial;ecosystem;global_business	overall_business	BIIB	Biogen	NASDAQ_GLOBAL_SELECT	US	0.4842	biotech;biologics	Health Care	Biotechnology	Biologics and specialty drug development	LARGE_CAP	2025	31843849766.0	9890600000.0	2840700000.0	1292900000.0	SEC_COMPANYFACTS+NASDAQ_SUMMARY_MARKET_CAP	0.9996	biotechnology	HALO	Halozyme Therapeutics	NASDAQ_GLOBAL_SELECT	US	0.4851	biotech platform;drug delivery;royalty licensing	Health Care	Biotechnology	Biotech platform licensing	MID_CAP	2025	9120153570.0	1396611000.0	469006000.0	316889000.0	SEC_COMPANYFACTS+NASDAQ_SUMMARY_MARKET_CAP	0.9996	operational_scale	TMO	Thermo Fisher Scientific	NYSE	US	0.4566	biotech;biologics cdmo	Health Care	Biotechnology	Biologics contract development and life-science services	LARGE_CAP	2025	187282353501.0	44556000000.0	7746000000.0	6721000000.0	SEC_COMPANYFACTS+NASDAQ_SUMMARY_MARKET_CAP	0.9998
000150	두산	Doosan	KOSPI	Financials	Investment Holding Companies	Investment holding and portfolio management	0.66	MEDIUM	global-peer-dynamic-similarity-20260721034730	2025-12-31	Industrial Solutions;AI Technology;Energy Infrastructure;Cloud Infrastructure	industrial;ai;energy;software_platform	overall_business	MKL	Markel Group	NYSE	US	0.66	holding company;insurance	Financials	Investment Holding Companies	Investment holding and portfolio management	LARGE_CAP	2025	24306755441.0	15513233000.0	3194852000.0	2152405000.0	SEC_COMPANYFACTS+NASDAQ_SUMMARY_MARKET_CAP	0.9994	energy	L	Loews	NYSE	US	0.6555	holding company;insurance	Financials	Investment Holding Companies	Investment holding and portfolio management	LARGE_CAP	2025	23412382370.0	18454000000.0		1772000000.0	SEC_COMPANYFACTS+NASDAQ_SUMMARY_MARKET_CAP	0.9405	operational_scale	BN	Brookfield Voting Shares	NYSE	US	0.5703	holding company;financials	Financials	Investment Holding Companies	Investment holding and portfolio management	LARGE_CAP		103311352128.0				NASDAQ_SUMMARY_MARKET_CAP	0.7717
000270	기아	Kia	KOSPI	Consumer Discretionary	Automobiles	Automobile manufacturing and mobility supply chain	0.6348	MEDIUM	global-peer-dynamic-similarity-20260721034730	2025-12-31	Vehicle Manufacturing;Mobility Portfolio;Industrial Solutions;Subsidiary Portfolio	automotive;automotive;industrial;ecosystem	overall_business	GM	General Motors	NYSE	US	0.6348	automotive	Consumer Discretionary	Automobiles	Automobile manufacturing and mobility supply chain	LARGE_CAP	2025	70185618779.0	185019000000.0	2909000000.0	2780000000.0	SEC_COMPANYFACTS+NASDAQ_SUMMARY_MARKET_CAP	0.9998	automotive	TM	Toyota Motor	NYSE	US	0.5557	automotive	Consumer Discretionary	Automobiles	Automobile manufacturing and mobility supply chain	MEGA_CAP	2025	270773470027.0	222373000000.0	14045000000.0	11520000000.0	SEC_COMPANYFACTS+NASDAQ_SUMMARY_MARKET_CAP	0.9999	industrial	SRFM	Surf Air Mobility	NYSE	US	0.4066	automotive;aerospace	Consumer Discretionary	Automobiles	Automobile manufacturing and mobility supply chain	MICRO_CAP	2025	88854090.0		-76874000.0	-110556000.0	SEC_COMPANYFACTS+NASDAQ_SUMMARY_MARKET_CAP	0.3739
000660	SK하이닉스	SK hynix	KOSPI	Information Technology	Semiconductors	Electrical equipment and components manufacturing	0.5241	MEDIUM	global-peer-dynamic-similarity-20260721034730	2025-12-31	Memory Technology;AI Technology;Foundry Capability;Market Leadership	memory;ai;foundry;global_business	overall_business	INTC	Intel	NASDAQ_GLOBAL_SELECT	US	0.5241	semiconductors;foundry	Information Technology	Semiconductors	Integrated semiconductor design and manufacturing	MEGA_CAP	2025	658355740000.0	52853000000.0	-2214000000.0	26000000.0	SEC_COMPANYFACTS+NASDAQ_SUMMARY_MARKET_CAP	0.772	memory	MU	Micron Technology	NASDAQ_GLOBAL_SELECT	US	0.4671	semiconductors;memory chips	Information Technology	Semiconductors	Memory semiconductor manufacturing	MEGA_CAP	2025	1288603703496.0	37378000000.0	9770000000.0	8539000000.0	SEC_COMPANYFACTS+NASDAQ_SUMMARY_MARKET_CAP	0.54	semiconductor	TSM	Taiwan Semiconductor Manufacturing	NYSE	US	0.4754	semiconductors;foundry	Information Technology	Semiconductors	Pure-play semiconductor foundry manufacturing	MEGA_CAP		2348760610825.0				NASDAQ_SUMMARY_MARKET_CAP	0.7751
000720	현대건설	Hyundai Engineering & Construction	KOSPI	Industrials	Construction and Engineering	Construction, engineering, and infrastructure projects	0.62	MEDIUM	global-peer-dynamic-similarity-20260721034730	2025-12-31	Energy Infrastructure;Industrial Solutions;Energy Transition;Subsidiary Portfolio	energy;industrial;energy;ecosystem	overall_business	ECG	Everus Construction Group	NYSE	US	0.6148	construction	Industrials	Construction and Engineering	Construction, engineering, and infrastructure projects	MID_CAP	2025	8009448814.0	3746387000.0	264750000.0	201770000.0	SEC_COMPANYFACTS+NASDAQ_SUMMARY_MARKET_CAP	0.9998	industrial	GVA	Granite Construction Incorporated	NYSE	US	0.6127	construction	Industrials	Construction and Engineering	Construction, engineering, and infrastructure projects	MID_CAP	2025	6941944931.0	4424379000.0	282446000.0	220351000.0	SEC_COMPANYFACTS+NASDAQ_SUMMARY_MARKET_CAP	0.9999	operational_scale	ROAD	Construction Partners	NASDAQ_GLOBAL_SELECT	US	0.6119	construction	Industrials	Construction and Engineering	Construction, engineering, and infrastructure projects	MID_CAP	2025	6797172031.0	2812356000.0	224811000.0	101781000.0	SEC_COMPANYFACTS+NASDAQ_SUMMARY_MARKET_CAP	0.9997
000810	삼성화재	Samsung Fire & Marine Insurance	KOSPI	Financials	Insurance	Insurance underwriting and financial services	0.6425	MEDIUM	global-peer-dynamic-similarity-20260721034730	2025-12-31	Insurance Services;Retirement Solutions;Subsidiary Portfolio;Global Reach	financial_services;financial_services;ecosystem;global_business	overall_business	HIG	The Hartford Insurance Group	NYSE	US	0.6425	insurance	Financials	Insurance	Insurance underwriting and financial services	LARGE_CAP	2025	36527931765.0	28368000000.0	2264000000.0	2504000000.0	SEC_COMPANYFACTS+NASDAQ_SUMMARY_MARKET_CAP	0.9996	financial_services	NP	Neptune Insurance Holdings	NYSE	US	0.6274	insurance	Financials	Insurance	Insurance underwriting and financial services	MID_CAP	2025	4198197461.0	159551000.0	70955000.0	37413000.0	SEC_COMPANYFACTS+NASDAQ_SUMMARY_MARKET_CAP	0.9994	operational_scale	THG	Hanover Insurance Group	NYSE	US	0.6198	insurance	Financials	Insurance	Insurance underwriting and financial services	MID_CAP	2025	7477026250.0	6594400000.0	933000000.0	662500000.0	SEC_COMPANYFACTS+NASDAQ_SUMMARY_MARKET_CAP	0.9997
003230	삼양식품	Samyangsikpum	KOSPI	Consumer Staples	Food and Beverage	Packaged food, beverage, and consumer staples	0.6769	MEDIUM	global-peer-dynamic-similarity-20260721034730	2025-12-31	Global Reach;Industrial Solutions;Sales Channels;Food and Beverage Portfolio	global_business;industrial;commerce;commerce	overall_business	MNST	Monster Beverage	NASDAQ_GLOBAL_SELECT	US	0.6769	food and beverage	Consumer Staples	Food and Beverage	Packaged food, beverage, and consumer staples	LARGE_CAP	2025	95165079144.0	8294343000.0	2419354000.0	1905432000.0	SEC_COMPANYFACTS+NASDAQ_SUMMARY_MARKET_CAP	0.9999	operational_scale	HRL	Hormel Foods	NYSE	US	0.673	food and beverage	Consumer Staples	Food and Beverage	Packaged food, beverage, and consumer staples	LARGE_CAP	2025	14481538146.0	2280227000.0	718603000.0	477764000.0	SEC_COMPANYFACTS+NASDAQ_SUMMARY_MARKET_CAP	1.0	commerce	SFD	Smithfield Foods	NASDAQ_GLOBAL_SELECT	US	0.6754	food and beverage	Consumer Staples	Food and Beverage	Packaged food, beverage, and consumer staples	MID_CAP	2025	9836931575.0	15531000000.0	1292000000.0	998000000.0	SEC_COMPANYFACTS+NASDAQ_SUMMARY_MARKET_CAP	0.9998
003490	대한항공	Daehanhanggong	KOSPI	Industrials	Airlines	Passenger and cargo airline operations	0.5808	MEDIUM	global-peer-dynamic-similarity-20260721034730	2025-12-31	Aerospace Capability;Passenger and Cargo;AI Technology;Industrial Solutions	industrial;commerce;ai;industrial	overall_business	DAL	Delta Air Lines	NYSE	US	0.5808	passenger transportation	Industrials	Airlines	Passenger and cargo airline operations	LARGE_CAP	2025	60893520403.0	63364000000.0	5822000000.0	4609000000.0	SEC_COMPANYFACTS+NASDAQ_SUMMARY_MARKET_CAP	0.9999	industrial	UAL	United Airlines Holdings	NASDAQ_GLOBAL_SELECT	US	0.5743	passenger transportation	Industrials	Airlines	Passenger and cargo airline operations	LARGE_CAP	2025	43890076694.0	59070000000.0	4713000000.0	2618000000.0	SEC_COMPANYFACTS+NASDAQ_SUMMARY_MARKET_CAP	0.9999	commerce	AAL	American Airlines Group	NASDAQ_GLOBAL_SELECT	US	0.5624	passenger transportation	Industrials	Airlines	Passenger and cargo airline operations	LARGE_CAP	2025	11795803918.0	54633000000.0	1467000000.0	822000000.0	SEC_COMPANYFACTS+NASDAQ_SUMMARY_MARKET_CAP	1.0
003550	LG	LG Corp.	KOSPI	Financials	Investment Holding Companies	Investment holding and portfolio management	0.6378	MEDIUM	global-peer-dynamic-similarity-20260721034730	2025-12-31	Telecom Network;Subsidiary Portfolio;Battery Technology;Industrial Solutions	telecommunications;ecosystem;battery;industrial	overall_business	MKL	Markel Group	NYSE	US	0.6378	holding company;insurance	Financials	Investment Holding Companies	Investment holding and portfolio management	LARGE_CAP	2025	24306755441.0	15513233000.0	3194852000.0	2152405000.0	SEC_COMPANYFACTS+NASDAQ_SUMMARY_MARKET_CAP	0.9999	operational_scale	L	Loews	NYSE	US	0.6338	holding company;insurance	Financials	Investment Holding Companies	Investment holding and portfolio management	LARGE_CAP	2025	23412382370.0	18454000000.0		1772000000.0	SEC_COMPANYFACTS+NASDAQ_SUMMARY_MARKET_CAP	0.9412	industrial	BN	Brookfield Voting Shares	NYSE	US	0.567	holding company;financials	Financials	Investment Holding Companies	Investment holding and portfolio management	LARGE_CAP		103311352128.0				NASDAQ_SUMMARY_MARKET_CAP	0.7678
003670	포스코퓨처엠	Poseukopyucheoem	KOSPI	Materials	Specialty Chemicals	Chemical and advanced materials manufacturing	0.6335	MEDIUM	global-peer-dynamic-similarity-20260721034730	2025-12-31	Battery Technology;Energy Infrastructure;Industrial Solutions;Subsidiary Portfolio	battery;energy;industrial;ecosystem	overall_business	DOW	Dow	NYSE	US	0.6335	chemicals	Materials	Specialty Chemicals	Chemical and advanced materials manufacturing	LARGE_CAP	2025	20087063877.0	39968000000.0		-2444000000.0	SEC_COMPANYFACTS+NASDAQ_SUMMARY_MARKET_CAP	0.7201	battery	ALB	Albemarle	NYSE	US	0.5565	battery;materials	Materials	Specialty Chemicals	Battery materials and specialty chemical manufacturing	LARGE_CAP	2025	15306738353.0	5142733000.0	-367084000.0	-465210000.0	SEC_COMPANYFACTS+NASDAQ_SUMMARY_MARKET_CAP	0.6023	operational_scale	EMN	Eastman Chemical	NYSE	US	0.6352	chemicals	Materials	Specialty Chemicals	Chemical and advanced materials manufacturing	MID_CAP	2025	7644306261.0	8752000000.0	1532000000.0	475000000.0	SEC_COMPANYFACTS+NASDAQ_SUMMARY_MARKET_CAP	0.9979
005380	현대차	Hyundai Motor	KOSPI	Consumer Discretionary	Automobiles	Automobile manufacturing and mobility supply chain	0.6667	MEDIUM	global-peer-dynamic-similarity-20260721034730	2025-12-31	Industrial Solutions;Vehicle Manufacturing;Subsidiary Portfolio;Mobility Portfolio	industrial;automotive;ecosystem;automotive	overall_business	GM	General Motors	NYSE	US	0.6667	automotive	Consumer Discretionary	Automobiles	Automobile manufacturing and mobility supply chain	LARGE_CAP	2025	70185618779.0	185019000000.0	2909000000.0	2780000000.0	SEC_COMPANYFACTS+NASDAQ_SUMMARY_MARKET_CAP	0.9998	industrial	SRFM	Surf Air Mobility	NYSE	US	0.3983	automotive;aerospace	Consumer Discretionary	Automobiles	Automobile manufacturing and mobility supply chain	MICRO_CAP	2025	88854090.0		-76874000.0	-110556000.0	SEC_COMPANYFACTS+NASDAQ_SUMMARY_MARKET_CAP	0.3765	automotive	TM	Toyota Motor	NYSE	US	0.6267	automotive	Consumer Discretionary	Automobiles	Automobile manufacturing and mobility supply chain	MEGA_CAP	2025	270773470027.0	222373000000.0	14045000000.0	11520000000.0	SEC_COMPANYFACTS+NASDAQ_SUMMARY_MARKET_CAP	1.0
005490	POSCO홀딩스	POSCO Holdings	KOSPI	Materials	Metals and Materials	Metals, materials, and industrial inputs	0.6683	MEDIUM	global-peer-dynamic-similarity-20260721034730	2025-12-31	Subsidiary Portfolio;Battery Technology;Consumer Devices;Mobility Portfolio	ecosystem;battery;consumer_electronics;automotive	overall_business	STLD	Steel Dynamics	NASDAQ_GLOBAL_SELECT	US	0.6683	materials	Materials	Metals and Materials	Metals, materials, and industrial inputs	LARGE_CAP	2025	33673684364.0	18176581000.0	1475986000.0	1187311000.0	SEC_COMPANYFACTS+NASDAQ_SUMMARY_MARKET_CAP	0.9997	industrial	VMC	Vulcan Materials (Holding )	NYSE	US	0.6634	materials	Materials	Metals and Materials	Metals, materials, and industrial inputs	LARGE_CAP	2025	39275506141.0	7941100000.0	1619600000.0	1078100000.0	SEC_COMPANYFACTS+NASDAQ_SUMMARY_MARKET_CAP	0.9993	operational_scale	MLM	Martin Marietta Materials	NYSE	US	0.6393	materials	Materials	Metals and Materials	Metals, materials, and industrial inputs	LARGE_CAP	2025	34794344748.0	1161000000.0	1437000000.0	116000000.0	SEC_COMPANYFACTS+NASDAQ_SUMMARY_MARKET_CAP	0.9978
005830	DB손해보험	DB Sonhaeboheom	KOSPI	Financials	Insurance	Insurance underwriting and financial services	0.6833	MEDIUM	global-peer-dynamic-similarity-20260721034730	2025-12-31	Insurance Services;Global Reach;Subsidiary Portfolio;Insurance	financial_services;global_business;ecosystem;financial_services	overall_business	THG	Hanover Insurance Group	NYSE	US	0.6833	insurance	Financials	Insurance	Insurance underwriting and financial services	MID_CAP	2025	7477026250.0	6594400000.0	933000000.0	662500000.0	SEC_COMPANYFACTS+NASDAQ_SUMMARY_MARKET_CAP	0.9998	financial_services	NP	Neptune Insurance Holdings	NYSE	US	0.6703	insurance	Financials	Insurance	Insurance underwriting and financial services	MID_CAP	2025	4198197461.0	159551000.0	70955000.0	37413000.0	SEC_COMPANYFACTS+NASDAQ_SUMMARY_MARKET_CAP	0.9988	operational_scale	PLGO	Pelagos Insurance Capital Common Shares	NYSE	US	0.6287	insurance;financials	Financials	Insurance	Insurance underwriting and financial services	MID_CAP	2025	2130438372.0	2500500000.0		225500000.0	SEC_COMPANYFACTS+NASDAQ_SUMMARY_MARKET_CAP	0.936
005930	삼성전자	Samsung Electronics	KOSPI	Information Technology	Semiconductors	Consumer electronics and appliance manufacturing	0.5201	MEDIUM	global-peer-dynamic-similarity-20260721034730	2025-12-31	AI Technology;Consumer Devices;Foundry Capability;Memory Technology	ai;consumer_electronics;foundry;memory	overall_business	INTC	Intel	NASDAQ_GLOBAL_SELECT	US	0.5201	semiconductors;foundry	Information Technology	Semiconductors	Integrated semiconductor design and manufacturing	MEGA_CAP	2025	658355740000.0	52853000000.0	-2214000000.0	26000000.0	SEC_COMPANYFACTS+NASDAQ_SUMMARY_MARKET_CAP	0.776	semiconductor	TSM	Taiwan Semiconductor Manufacturing	NYSE	US	0.4942	semiconductors;foundry	Information Technology	Semiconductors	Pure-play semiconductor foundry manufacturing	MEGA_CAP		2348760610825.0				NASDAQ_SUMMARY_MARKET_CAP	0.772	memory	MU	Micron Technology	NASDAQ_GLOBAL_SELECT	US	0.4222	semiconductors;memory chips	Information Technology	Semiconductors	Memory semiconductor manufacturing	MEGA_CAP	2025	1288603703496.0	37378000000.0	9770000000.0	8539000000.0	SEC_COMPANYFACTS+NASDAQ_SUMMARY_MARKET_CAP	0.54
005940	NH투자증권	NH Tuja Securities	KOSPI	Financials	Banks	Banking, spread income, fees, and capital-market services	0.52	MEDIUM	global-peer-dynamic-similarity-20260721034730	2025-12-31	Banking Network;Capital Markets;Financial Services;Real Estate Portfolio	financial_services;financial_services;financial_services;global_business	overall_business	C	Citigroup	NYSE	US	0.5158	banking;financials	Financials	Banks	Banking, spread income, fees, and capital-market services	MEGA_CAP	2025	244827044005.0	85225000000.0		14452000000.0	SEC_COMPANYFACTS+NASDAQ_SUMMARY_MARKET_CAP	0.8363	financial_services	JPM	JP Morgan Chase &	NYSE	US	0.4838	banking;financials	Financials	Banks	Banking, spread income, fees, and capital-market services	MEGA_CAP	2025	885417752964.0	182447000000.0		49552000000.0	SEC_COMPANYFACTS+NASDAQ_SUMMARY_MARKET_CAP	0.8385	operational_scale	BAC	Bank of America	NYSE	US	0.4909	banking;financials	Financials	Banks	Banking, spread income, fees, and capital-market services	MEGA_CAP	2025	413128024748.0	113097000000.0		30509000000.0	SEC_COMPANYFACTS+NASDAQ_SUMMARY_MARKET_CAP	0.8379
006400	삼성SDI	Samsung SDI	KOSPI	Industrials	Battery and Energy Storage	Electrical equipment and components manufacturing	0.5191	MEDIUM	global-peer-dynamic-similarity-20260721034730	2025-12-31	Battery Technology;Energy Infrastructure;Cloud Infrastructure;Technology Innovation	battery;energy;software_platform;global_business	overall_business	TSLA	Tesla	NASDAQ_GLOBAL_SELECT	US	0.5191	battery;automotive	Industrials	Battery and Energy Storage	Battery manufacturing and energy storage supply chain	MEGA_CAP	2025	1548447394775.0	94827000000.0	4355000000.0	3855000000.0	SEC_COMPANYFACTS+NASDAQ_SUMMARY_MARKET_CAP	0.582	battery	QS	QuantumScape	NASDAQ_GLOBAL_SELECT	US	0.5345	battery	Industrials	Battery and Energy Storage	Battery manufacturing and energy storage supply chain	MID_CAP	2025	4662799676.0		-472604000.0	-435050000.0	SEC_COMPANYFACTS+NASDAQ_SUMMARY_MARKET_CAP	0.9264	energy	ABAT	American Battery Technology	NASDAQ_CAPITAL	US	0.4607	battery;software platform	Industrials	Battery and Energy Storage	Battery manufacturing and energy storage supply chain	UNKNOWN	2025	364840337.0	4290224.0	-42023329.0	-46762625.0	SEC_COMPANYFACTS+NASDAQ_SUMMARY_MARKET_CAP	0.54
006800	미래에셋증권	Miraeeset Securities	KOSPI	Financials	Banks	Banking, spread income, fees, and capital-market services	0.5541	MEDIUM	global-peer-dynamic-similarity-20260721034730	2025-12-31	AI Technology;Capital Markets;Global Reach;Banking Network	ai;financial_services;global_business;financial_services	overall_business	C	Citigroup	NYSE	US	0.5541	banking;financials	Financials	Banks	Banking, spread income, fees, and capital-market services	MEGA_CAP	2025	244827044005.0	85225000000.0		14452000000.0	SEC_COMPANYFACTS+NASDAQ_SUMMARY_MARKET_CAP	0.941	financial_services	JPM	JP Morgan Chase &	NYSE	US	0.4973	banking;financials	Financials	Banks	Banking, spread income, fees, and capital-market services	MEGA_CAP	2025	885417752964.0	182447000000.0		49552000000.0	SEC_COMPANYFACTS+NASDAQ_SUMMARY_MARKET_CAP	0.9409	operational_scale	BAC	Bank of America	NYSE	US	0.504	banking;financials	Financials	Banks	Banking, spread income, fees, and capital-market services	MEGA_CAP	2025	413128024748.0	113097000000.0		30509000000.0	SEC_COMPANYFACTS+NASDAQ_SUMMARY_MARKET_CAP	0.9409
009150	삼성전기	Samsung Electric	KOSPI	Industrials	Electrical Equipment	Electrical equipment and components manufacturing	0.62	MEDIUM	global-peer-dynamic-similarity-20260721034730	2025-12-31	Electronic Components;Multi-Division Operations;Global Reach;Sales Channels	consumer_electronics;ecosystem;global_business;commerce	overall_business	AEP	American Electric Power	NASDAQ_GLOBAL_SELECT	US	0.6172	electrical equipment;energy	Industrials	Electrical Equipment	Electrical equipment and components manufacturing	LARGE_CAP	2025	74659371966.0	21876000000.0	5319000000.0	3696000000.0	SEC_COMPANYFACTS+NASDAQ_SUMMARY_MARKET_CAP	0.9994	operational_scale	EMR	Emerson Electric	NYSE	US	0.6132	electrical equipment	Industrials	Electrical Equipment	Electrical equipment and components manufacturing	LARGE_CAP	2025	80004684000.0	4175000000.0		2246000000.0	SEC_COMPANYFACTS+NASDAQ_SUMMARY_MARKET_CAP	0.9444	industrial	PCG	Pacific Gas & Electric	NYSE	US	0.6087	electrical equipment;energy	Industrials	Electrical Equipment	Electrical equipment and components manufacturing	LARGE_CAP	2025	46350052060.0	24935000000.0	4749000000.0	2703000000.0	SEC_COMPANYFACTS+NASDAQ_SUMMARY_MARKET_CAP	0.9993
009540	HD한국조선해양	HD Hangukjoseonhaeyang	KOSPI	Industrials	Shipbuilding	Shipbuilding, marine engineering, and offshore plant construction	0.62	MEDIUM	global-peer-dynamic-similarity-20260721034730	2025-12-31	Energy Infrastructure;Industrial Solutions;Energy Transition;Subsidiary Portfolio	energy;industrial;energy;ecosystem	overall_business	GD	General Dynamics	NYSE	US	0.5837	shipbuilding;aerospace	Industrials	Shipbuilding	Defense shipbuilding, marine systems, and aerospace manufacturing	LARGE_CAP	2025	94201651340.0	52550000000.0	5356000000.0	4210000000.0	SEC_COMPANYFACTS+NASDAQ_SUMMARY_MARKET_CAP	0.9999	industrial	HII	Huntington Ingalls Industries	NYSE	US	0.5347	shipbuilding;aerospace	Industrials	Shipbuilding	Naval shipbuilding and defense technology services	LARGE_CAP	2025	10977174399.0	12484000000.0	657000000.0	605000000.0	SEC_COMPANYFACTS+NASDAQ_SUMMARY_MARKET_CAP	0.9999	operational_scale	BWXT	BWX Technologies	NYSE	US	0.5285	shipbuilding;aerospace	Industrials	Shipbuilding	Naval nuclear propulsion equipment manufacturing and services	LARGE_CAP	2025	17677046525.0	682258000.0	96630000.0	329861000.0	SEC_COMPANYFACTS+NASDAQ_SUMMARY_MARKET_CAP	0.9987
010120	LS ELECTRIC	LS ELECTRIC	KOSPI	Industrials	Electrical Equipment	Electrical equipment and components manufacturing	0.6625	MEDIUM	global-peer-dynamic-similarity-20260721034730	2025-12-31	Mobility Portfolio;Energy Infrastructure;Industrial Solutions;Energy Transition	automotive;energy;industrial;energy	overall_business	AEP	American Electric Power	NASDAQ_GLOBAL_SELECT	US	0.6625	electrical equipment;energy	Industrials	Electrical Equipment	Electrical equipment and components manufacturing	LARGE_CAP	2025	74659371966.0	21876000000.0	5319000000.0	3696000000.0	SEC_COMPANYFACTS+NASDAQ_SUMMARY_MARKET_CAP	0.9996	energy	PCG	Pacific Gas & Electric	NYSE	US	0.6589	electrical equipment;energy	Industrials	Electrical Equipment	Electrical equipment and components manufacturing	LARGE_CAP	2025	46350052060.0	24935000000.0	4749000000.0	2703000000.0	SEC_COMPANYFACTS+NASDAQ_SUMMARY_MARKET_CAP	0.9995	industrial	EMR	Emerson Electric	NYSE	US	0.6674	electrical equipment	Industrials	Electrical Equipment	Electrical equipment and components manufacturing	LARGE_CAP	2025	80004684000.0	4175000000.0		2246000000.0	SEC_COMPANYFACTS+NASDAQ_SUMMARY_MARKET_CAP	0.9433
010130	고려아연	Korea Zinc	KOSPI	Materials	Metals and Materials	Metals, materials, and industrial inputs	0.6718	MEDIUM	global-peer-dynamic-similarity-20260721034730	2025-12-31	Energy Infrastructure;Industrial Solutions;Subsidiary Portfolio;Energy Transition	energy;industrial;ecosystem;energy	overall_business	STLD	Steel Dynamics	NASDAQ_GLOBAL_SELECT	US	0.6718	materials	Materials	Metals and Materials	Metals, materials, and industrial inputs	LARGE_CAP	2025	33673684364.0	18176581000.0	1475986000.0	1187311000.0	SEC_COMPANYFACTS+NASDAQ_SUMMARY_MARKET_CAP	1.0	industrial	VMC	Vulcan Materials (Holding )	NYSE	US	0.6631	materials	Materials	Metals and Materials	Metals, materials, and industrial inputs	LARGE_CAP	2025	39275506141.0	7941100000.0	1619600000.0	1078100000.0	SEC_COMPANYFACTS+NASDAQ_SUMMARY_MARKET_CAP	0.9999	operational_scale	PKG	Packaging of America	NYSE	US	0.6452	materials	Materials	Metals and Materials	Metals, materials, and industrial inputs	LARGE_CAP	2025	21092322704.0	8989300000.0	1107000000.0	774100000.0	SEC_COMPANYFACTS+NASDAQ_SUMMARY_MARKET_CAP	1.0
010140	삼성중공업	Samseongjunggongeop	KOSPI	Industrials	Shipbuilding	Shipbuilding, marine engineering, and offshore plant construction	0.62	MEDIUM	global-peer-dynamic-similarity-20260721034730	2025-12-31	Industrial Solutions;LNG Infrastructure;Subsidiary Portfolio;Global Reach	industrial;energy;ecosystem;global_business	overall_business	GD	General Dynamics	NYSE	US	0.5625	shipbuilding;aerospace	Industrials	Shipbuilding	Defense shipbuilding, marine systems, and aerospace manufacturing	LARGE_CAP	2025	94201651340.0	52550000000.0	5356000000.0	4210000000.0	SEC_COMPANYFACTS+NASDAQ_SUMMARY_MARKET_CAP	0.9999	industrial	BWXT	BWX Technologies	NYSE	US	0.524	shipbuilding;aerospace	Industrials	Shipbuilding	Naval nuclear propulsion equipment manufacturing and services	LARGE_CAP	2025	17677046525.0	682258000.0	96630000.0	329861000.0	SEC_COMPANYFACTS+NASDAQ_SUMMARY_MARKET_CAP	0.9991	operational_scale	HII	Huntington Ingalls Industries	NYSE	US	0.5125	shipbuilding;aerospace	Industrials	Shipbuilding	Naval shipbuilding and defense technology services	LARGE_CAP	2025	10977174399.0	12484000000.0	657000000.0	605000000.0	SEC_COMPANYFACTS+NASDAQ_SUMMARY_MARKET_CAP	0.9999
010950	S-Oil	S-Oil	KOSPI	Energy	Energy Infrastructure	Industrial machinery and equipment manufacturing	0.5278	MEDIUM	global-peer-dynamic-similarity-20260721034730	2025-12-31	Industrial Solutions;Product Portfolio;Subsidiary Portfolio;Petrochemical Portfolio	industrial;ecosystem;ecosystem;materials	overall_business	FANG	Diamondback Energy	NASDAQ_GLOBAL_SELECT	US	0.5278	energy	Energy	Energy Infrastructure	Operating company	LARGE_CAP	2025	51021792677.0	15026000000.0	1266000000.0	1547000000.0	SEC_COMPANYFACTS+NASDAQ_SUMMARY_MARKET_CAP	0.9992	operational_scale	NRG	NRG Energy	NYSE	US	0.5249	energy	Energy	Energy Infrastructure	Operating company	LARGE_CAP	2025	31586784424.0	30713000000.0	1845000000.0	864000000.0	SEC_COMPANYFACTS+NASDAQ_SUMMARY_MARKET_CAP	0.9996	industrial	MUR	Murphy Oil	NYSE	US	0.537	energy	Energy	Energy Infrastructure	Operating company	MID_CAP	2025	4856683635.0	2718823000.0	301237000.0	89400000.0	SEC_COMPANYFACTS+NASDAQ_SUMMARY_MARKET_CAP	0.9995
011200	HMM	HMM	KOSPI	Industrials	Airlines	Biotechnology research, development, and manufacturing	0.62	MEDIUM	global-peer-dynamic-similarity-20260721034730	2025-12-31	Biotechnology Platform;AI Technology;Fleet Operations;Logistics Network	biotechnology;ai;industrial;industrial	overall_business	DAL	Delta Air Lines	NYSE	US	0.5654	passenger transportation	Industrials	Airlines	Passenger and cargo airline operations	LARGE_CAP	2025	60893520403.0	63364000000.0	5822000000.0	4609000000.0	SEC_COMPANYFACTS+NASDAQ_SUMMARY_MARKET_CAP	1.0	industrial	UAL	United Airlines Holdings	NASDAQ_GLOBAL_SELECT	US	0.5563	passenger transportation	Industrials	Airlines	Passenger and cargo airline operations	LARGE_CAP	2025	43890076694.0	59070000000.0	4713000000.0	2618000000.0	SEC_COMPANYFACTS+NASDAQ_SUMMARY_MARKET_CAP	0.9999	operational_scale	AAL	American Airlines Group	NASDAQ_GLOBAL_SELECT	US	0.5441	passenger transportation	Industrials	Airlines	Passenger and cargo airline operations	LARGE_CAP	2025	11795803918.0	54633000000.0	1467000000.0	822000000.0	SEC_COMPANYFACTS+NASDAQ_SUMMARY_MARKET_CAP	0.9996
012330	현대모비스	Hyundai Mobis	KOSPI	Consumer Discretionary	Automobiles	Automobile manufacturing and mobility supply chain	0.62	MEDIUM	global-peer-dynamic-similarity-20260721034730	2025-12-31	Mobility Portfolio;Vehicle Manufacturing;Subsidiary Portfolio;Global Reach	automotive;automotive;ecosystem;global_business	overall_business	GM	General Motors	NYSE	US	0.5926	automotive	Consumer Discretionary	Automobiles	Automobile manufacturing and mobility supply chain	LARGE_CAP	2025	70185618779.0	185019000000.0	2909000000.0	2780000000.0	SEC_COMPANYFACTS+NASDAQ_SUMMARY_MARKET_CAP	0.9999	automotive	TM	Toyota Motor	NYSE	US	0.5207	automotive	Consumer Discretionary	Automobiles	Automobile manufacturing and mobility supply chain	MEGA_CAP	2025	270773470027.0	222373000000.0	14045000000.0	11520000000.0	SEC_COMPANYFACTS+NASDAQ_SUMMARY_MARKET_CAP	1.0	operational_scale	F	Ford Motor	NYSE	US	0.5049	automotive	Consumer Discretionary	Automobiles	Automobile manufacturing and mobility supply chain	LARGE_CAP	2025	56443171104.0	187267000000.0	-9169000000.0	-8162000000.0	SEC_COMPANYFACTS+NASDAQ_SUMMARY_MARKET_CAP	0.555
012450	한화에어로스페이스	Hanhwaeeoroseupeiseu	KOSPI	Industrials	Aerospace and Defense	Shipbuilding, marine engineering, and offshore plant construction	0.62	MEDIUM	global-peer-dynamic-similarity-20260721034730	2025-12-31	Payments and Cards;Fleet Operations;IT Services;Subsidiary Portfolio	payments;industrial;software_platform;ecosystem	overall_business	HWM	Howmet Aerospace	NYSE	US	0.5467	aerospace	Industrials	Aerospace and Defense	Aerospace and defense systems manufacturing	LARGE_CAP	2025	107520883907.0	8252000000.0	2046000000.0	765000000.0	SEC_COMPANYFACTS+NASDAQ_SUMMARY_MARKET_CAP	0.9997	industrial	GE	GE Aerospace	NYSE	US	0.5294	aerospace	Industrials	Aerospace and Defense	Aerospace and defense systems manufacturing	MEGA_CAP	2025	390218559262.0	45855000000.0	22887000000.0	8698000000.0	SEC_COMPANYFACTS+NASDAQ_SUMMARY_MARKET_CAP	0.9998	operational_scale	ALK	Alaska Air Group	NYSE	US	0.5391	aerospace	Industrials	Aerospace and Defense	Aerospace and defense systems manufacturing	MID_CAP	2025	5676749284.0	14239000000.0	303000000.0	100000000.0	SEC_COMPANYFACTS+NASDAQ_SUMMARY_MARKET_CAP	0.9995
015760	한국전력	Korea Electric Power	KOSPI	Energy	Energy Infrastructure	Operating company	0.6351	MEDIUM	global-peer-dynamic-similarity-20260721034730	2025-12-31	Power Grid;Energy Transition;Energy Infrastructure;Global Reach	energy;energy;energy;global_business	overall_business	FANG	Diamondback Energy	NASDAQ_GLOBAL_SELECT	US	0.6351	energy	Energy	Energy Infrastructure	Operating company	LARGE_CAP	2025	51021792677.0	15026000000.0	1266000000.0	1547000000.0	SEC_COMPANYFACTS+NASDAQ_SUMMARY_MARKET_CAP	0.9993	energy	NRG	NRG Energy	NYSE	US	0.6306	energy	Energy	Energy Infrastructure	Operating company	LARGE_CAP	2025	31586784424.0	30713000000.0	1845000000.0	864000000.0	SEC_COMPANYFACTS+NASDAQ_SUMMARY_MARKET_CAP	0.9995	operational_scale	CEG	Constellation Energy When-Issued	NASDAQ_GLOBAL_SELECT	US	0.6227	energy	Energy	Energy Infrastructure	Operating company	LARGE_CAP	2025	94339232555.0	25533000000.0	3086000000.0	2323000000.0	SEC_COMPANYFACTS+NASDAQ_SUMMARY_MARKET_CAP	0.9994
017670	SK텔레콤	SK Telecom	KOSPI	Communication Services	Telecommunications	Telecom network subscription services	0.6519	MEDIUM	global-peer-dynamic-similarity-20260721034730	2025-12-31	Wireless Connectivity;Telecom Network;Broadband and IPTV;Subsidiary Portfolio	telecommunications;telecommunications;telecommunications;ecosystem	overall_business	T	AT&T	NYSE	US	0.6519	telecommunications	Communication Services	Telecommunications	Telecom network subscription services	LARGE_CAP	2025	151473786603.0	125648000000.0	24162000000.0	23386000000.0	SEC_COMPANYFACTS+NASDAQ_SUMMARY_MARKET_CAP	0.9995	telecommunications	VZ	Verizon Communications	NYSE	US	0.65	telecommunications	Communication Services	Telecommunications	Telecom network subscription services	LARGE_CAP	2025	183160891587.0	138191000000.0	29259000000.0	17608000000.0	SEC_COMPANYFACTS+NASDAQ_SUMMARY_MARKET_CAP	0.9996	operational_scale	CHTR	Charter Communications	NASDAQ_GLOBAL_SELECT	US	0.6884	telecommunications	Communication Services	Telecommunications	Telecom network subscription services	LARGE_CAP	2025	20430726939.0	54774000000.0	12908000000.0	5766000000.0	SEC_COMPANYFACTS+NASDAQ_SUMMARY_MARKET_CAP	0.9993
018260	삼성에스디에스	Samsung SDS	KOSPI	Information Technology	Software	Platform software and recurring services	0.48	MEDIUM	global-peer-dynamic-similarity-20260721034730	2025-12-31	Cloud Infrastructure;AI Technology;Subsidiary Portfolio;Digital Platform	software_platform;ai;ecosystem;software_platform	overall_business	MSFT	Microsoft	NASDAQ_GLOBAL_SELECT	US	0.4639	software platform;cloud;artificial intelligence	Information Technology	Software	Enterprise software, cloud, and AI platform services	MEGA_CAP	2025	2732178284131.0	281724000000.0	128528000000.0	101832000000.0	SEC_COMPANYFACTS+NASDAQ_SUMMARY_MARKET_CAP	0.9995	software_platform	LHX	L3Harris Technologies	NYSE	US	0.629	software platform	Information Technology	Software	Platform software and recurring services	LARGE_CAP	2025	53613823948.0	21865000000.0	2110000000.0	1606000000.0	SEC_COMPANYFACTS+NASDAQ_SUMMARY_MARKET_CAP	1.0	semiconductor	MCHP	Microchip Technology Incorporated	NASDAQ_GLOBAL_SELECT	US	0.5671	software platform	Information Technology	Software	Platform software and recurring services	LARGE_CAP	2025	47936070819.0	7634400000.0	2571000000.0	1906900000.0	SEC_COMPANYFACTS+NASDAQ_SUMMARY_MARKET_CAP	0.9997
024110	기업은행	Gieop Bank	KOSPI	Financials	Banks	Banking, spread income, fees, and capital-market services	0.52	MEDIUM	global-peer-dynamic-similarity-20260721034730	2025-12-31	Banking Network;Capital Markets;Subsidiary Portfolio;Global Reach	financial_services;financial_services;ecosystem;global_business	overall_business	JPM	JP Morgan Chase &	NYSE	US	0.4945	banking;financials	Financials	Banks	Banking, spread income, fees, and capital-market services	MEGA_CAP	2025	885417752964.0	182447000000.0		49552000000.0	SEC_COMPANYFACTS+NASDAQ_SUMMARY_MARKET_CAP	0.54	financial_services	C	Citigroup	NYSE	US	0.525	banking;financials	Financials	Banks	Banking, spread income, fees, and capital-market services	MEGA_CAP	2025	244827044005.0	85225000000.0		14452000000.0	SEC_COMPANYFACTS+NASDAQ_SUMMARY_MARKET_CAP	0.54	operational_scale	BAC	Bank of America	NYSE	US	0.4978	banking;financials	Financials	Banks	Banking, spread income, fees, and capital-market services	MEGA_CAP	2025	413128024748.0	113097000000.0		30509000000.0	SEC_COMPANYFACTS+NASDAQ_SUMMARY_MARKET_CAP	0.54
028260	삼성물산	Samsung C&T	KOSPI	Financials	Investment Holding Companies	Investment holding and portfolio management	0.6701	MEDIUM	global-peer-dynamic-similarity-20260721034730	2025-12-31	Global Reach;Biotechnology Platform;Industrial Solutions;Technology Innovation	global_business;biotechnology;industrial;global_business	overall_business	MKL	Markel Group	NYSE	US	0.6701	holding company;insurance	Financials	Investment Holding Companies	Investment holding and portfolio management	LARGE_CAP	2025	24306755441.0	15513233000.0	3194852000.0	2152405000.0	SEC_COMPANYFACTS+NASDAQ_SUMMARY_MARKET_CAP	0.9999	operational_scale	L	Loews	NYSE	US	0.6681	holding company;insurance	Financials	Investment Holding Companies	Investment holding and portfolio management	LARGE_CAP	2025	23412382370.0	18454000000.0		1772000000.0	SEC_COMPANYFACTS+NASDAQ_SUMMARY_MARKET_CAP	0.942	industrial	BN	Brookfield Voting Shares	NYSE	US	0.5767	holding company;financials	Financials	Investment Holding Companies	Investment holding and portfolio management	LARGE_CAP		103311352128.0				NASDAQ_SUMMARY_MARKET_CAP	0.7678
028300	HLB	HLB	KOSDAQ	Health Care	Biotechnology	Biotechnology research, development, and manufacturing	0.46	MEDIUM	global-peer-dynamic-similarity-20260721034730	2025-12-31	Biotechnology Platform;Global Reach;Industrial Solutions;Subsidiary Portfolio	biotechnology;global_business;industrial;ecosystem	overall_business	TMO	Thermo Fisher Scientific	NYSE	US	0.341	biotech;biologics cdmo	Health Care	Biotechnology	Biologics contract development and life-science services	LARGE_CAP	2025	187282353501.0	44556000000.0	7746000000.0	6721000000.0	SEC_COMPANYFACTS+NASDAQ_SUMMARY_MARKET_CAP	0.3683	biotechnology	BIIB	Biogen	NASDAQ_GLOBAL_SELECT	US	0.3533	biotech;biologics	Health Care	Biotechnology	Biologics and specialty drug development	LARGE_CAP	2025	31843849766.0	9890600000.0	2840700000.0	1292900000.0	SEC_COMPANYFACTS+NASDAQ_SUMMARY_MARKET_CAP	0.3672	operational_scale	HALO	Halozyme Therapeutics	NASDAQ_GLOBAL_SELECT	US	0.3277	biotech platform;drug delivery;royalty licensing	Health Care	Biotechnology	Biotech platform licensing	MID_CAP	2025	9120153570.0	1396611000.0	469006000.0	316889000.0	SEC_COMPANYFACTS+NASDAQ_SUMMARY_MARKET_CAP	0.3659
032640	LG유플러스	LG Uplus	KOSPI	Communication Services	Telecommunications	Content production, distribution, and advertising	0.5003	MEDIUM	global-peer-dynamic-similarity-20260721034730	2025-12-31	Telecom Network;Mobility Portfolio;Energy Infrastructure;Wireless Connectivity	telecommunications;automotive;energy;telecommunications	overall_business	VZ	Verizon Communications	NYSE	US	0.5003	telecommunications	Communication Services	Telecommunications	Telecom network subscription services	LARGE_CAP	2025	183160891587.0	138191000000.0	29259000000.0	17608000000.0	SEC_COMPANYFACTS+NASDAQ_SUMMARY_MARKET_CAP	0.9998	telecommunications	T	AT&T	NYSE	US	0.4982	telecommunications	Communication Services	Telecommunications	Telecom network subscription services	LARGE_CAP	2025	151473786603.0	125648000000.0	24162000000.0	23386000000.0	SEC_COMPANYFACTS+NASDAQ_SUMMARY_MARKET_CAP	0.9997	operational_scale	CHTR	Charter Communications	NASDAQ_GLOBAL_SELECT	US	0.5158	telecommunications	Communication Services	Telecommunications	Telecom network subscription services	LARGE_CAP	2025	20430726939.0	54774000000.0	12908000000.0	5766000000.0	SEC_COMPANYFACTS+NASDAQ_SUMMARY_MARKET_CAP	0.9997
032830	삼성생명	Samsung Life Insurance	KOSPI	Financials	Insurance	Insurance underwriting and financial services	0.6051	MEDIUM	global-peer-dynamic-similarity-20260721034730	2025-12-31	Protection Products;Retirement Solutions;Insurance Services;Capital Markets	financial_services;financial_services;financial_services;financial_services	overall_business	NP	Neptune Insurance Holdings	NYSE	US	0.6051	insurance	Financials	Insurance	Insurance underwriting and financial services	MID_CAP	2025	4198197461.0	159551000.0	70955000.0	37413000.0	SEC_COMPANYFACTS+NASDAQ_SUMMARY_MARKET_CAP	0.54	financial_services	THG	Hanover Insurance Group	NYSE	US	0.5845	insurance	Financials	Insurance	Insurance underwriting and financial services	MID_CAP	2025	7477026250.0	6594400000.0	933000000.0	662500000.0	SEC_COMPANYFACTS+NASDAQ_SUMMARY_MARKET_CAP	0.54	operational_scale	HIG	The Hartford Insurance Group	NYSE	US	0.5696	insurance	Financials	Insurance	Insurance underwriting and financial services	LARGE_CAP	2025	36527931765.0	28368000000.0	2264000000.0	2504000000.0	SEC_COMPANYFACTS+NASDAQ_SUMMARY_MARKET_CAP	0.54
033780	KT&G	KT&G	KOSPI	Consumer Staples	Food and Beverage	Packaged food, beverage, and consumer staples	0.7114	MEDIUM	global-peer-dynamic-similarity-20260721034730	2025-12-31	Global Reach;Subsidiary Portfolio;Biotechnology Platform;Industrial Solutions	global_business;ecosystem;biotechnology;industrial	overall_business	MNST	Monster Beverage	NASDAQ_GLOBAL_SELECT	US	0.7114	food and beverage	Consumer Staples	Food and Beverage	Packaged food, beverage, and consumer staples	LARGE_CAP	2025	95165079144.0	8294343000.0	2419354000.0	1905432000.0	SEC_COMPANYFACTS+NASDAQ_SUMMARY_MARKET_CAP	0.9999	operational_scale	HRL	Hormel Foods	NYSE	US	0.7092	food and beverage	Consumer Staples	Food and Beverage	Packaged food, beverage, and consumer staples	LARGE_CAP	2025	14481538146.0	2280227000.0	718603000.0	477764000.0	SEC_COMPANYFACTS+NASDAQ_SUMMARY_MARKET_CAP	0.9999	industrial	QSR	Restaurant Brands International . Common Shares	NYSE	US	0.7009	food and beverage	Consumer Staples	Food and Beverage	Packaged food, beverage, and consumer staples	LARGE_CAP	2025	33244142728.0	9434000000.0	2202000000.0	1075000000.0	SEC_COMPANYFACTS+NASDAQ_SUMMARY_MARKET_CAP	1.0
034020	두산에너빌리티	Dusaneneobilriti	KOSPI	Industrials	Construction and Engineering	Construction, engineering, and infrastructure projects	0.5799	MEDIUM	global-peer-dynamic-similarity-20260721034730	2025-12-31	Energy Infrastructure;Industrial Solutions;Energy Transition;Project Execution	energy;industrial;energy;industrial	overall_business	ECG	Everus Construction Group	NYSE	US	0.5799	construction	Industrials	Construction and Engineering	Construction, engineering, and infrastructure projects	MID_CAP	2025	8009448814.0	3746387000.0	264750000.0	201770000.0	SEC_COMPANYFACTS+NASDAQ_SUMMARY_MARKET_CAP	0.9998	industrial	GVA	Granite Construction Incorporated	NYSE	US	0.5769	construction	Industrials	Construction and Engineering	Construction, engineering, and infrastructure projects	MID_CAP	2025	6941944931.0	4424379000.0	282446000.0	220351000.0	SEC_COMPANYFACTS+NASDAQ_SUMMARY_MARKET_CAP	0.9997	operational_scale	ROAD	Construction Partners	NASDAQ_GLOBAL_SELECT	US	0.5756	construction	Industrials	Construction and Engineering	Construction, engineering, and infrastructure projects	MID_CAP	2025	6797172031.0	2812356000.0	224811000.0	101781000.0	SEC_COMPANYFACTS+NASDAQ_SUMMARY_MARKET_CAP	0.9999
034220	LG디스플레이	LG Diseupeulrei	KOSPI	Consumer Discretionary	Consumer Electronics and Appliances	Consumer electronics and appliance manufacturing	0.556	MEDIUM	global-peer-dynamic-similarity-20260721034730	2025-12-31	Subsidiary Portfolio;Consumer Devices;Global Reach;Consumer Electronics And Appliances	ecosystem;consumer_electronics;global_business;consumer_electronics	overall_business	AAPL	Apple	NASDAQ_GLOBAL_SELECT	US	0.556	consumer electronics;software platform	Consumer Discretionary	Consumer Electronics and Appliances	Integrated consumer devices, software, and services ecosystem	MEGA_CAP	2025	4136253196720.0	416161000000.0	133050000000.0	112010000000.0	SEC_COMPANYFACTS+NASDAQ_SUMMARY_MARKET_CAP	0.9988	consumer_electronics	SONY	Sony Group	NYSE	US	0.5612	consumer electronics	Consumer Discretionary	Consumer Electronics and Appliances	Consumer electronics and entertainment hardware	LARGE_CAP		125240893785.0				NASDAQ_SUMMARY_MARKET_CAP	0.7608	operational_scale	WHR	Whirlpool	NYSE	US	0.7093	consumer electronics	Consumer Discretionary	Consumer Electronics and Appliances	Consumer electronics and appliance manufacturing	MID_CAP	2025	2465871523.0	15524000000.0	838000000.0	341000000.0	SEC_COMPANYFACTS+NASDAQ_SUMMARY_MARKET_CAP	0.9998
034730	SK	SK	KOSPI	Energy	Energy Infrastructure	Industrial machinery and equipment manufacturing	0.62	MEDIUM	global-peer-dynamic-similarity-20260721034730	2025-12-31	AI Technology;Biotechnology Platform;Telecom Network;Energy Infrastructure	ai;biotechnology;telecommunications;energy	overall_business	FANG	Diamondback Energy	NASDAQ_GLOBAL_SELECT	US	0.5795	energy	Energy	Energy Infrastructure	Operating company	LARGE_CAP	2025	51021792677.0	15026000000.0	1266000000.0	1547000000.0	SEC_COMPANYFACTS+NASDAQ_SUMMARY_MARKET_CAP	0.9997	energy	NRG	NRG Energy	NYSE	US	0.5744	energy	Energy	Energy Infrastructure	Operating company	LARGE_CAP	2025	31586784424.0	30713000000.0	1845000000.0	864000000.0	SEC_COMPANYFACTS+NASDAQ_SUMMARY_MARKET_CAP	0.9998	operational_scale	CEG	Constellation Energy When-Issued	NASDAQ_GLOBAL_SELECT	US	0.5691	energy	Energy	Energy Infrastructure	Operating company	LARGE_CAP	2025	94339232555.0	25533000000.0	3086000000.0	2323000000.0	SEC_COMPANYFACTS+NASDAQ_SUMMARY_MARKET_CAP	0.9996
035420	NAVER	NAVER	KOSPI	Information Technology	Software	Platform software and recurring services	0.4861	MEDIUM	global-peer-dynamic-similarity-20260721034730	2025-12-31	AI Technology;Digital Platform;Payments and Cards;Content Portfolio	ai;software_platform;payments;media	overall_business	MSFT	Microsoft	NASDAQ_GLOBAL_SELECT	US	0.4861	software platform;cloud;artificial intelligence	Information Technology	Software	Enterprise software, cloud, and AI platform services	MEGA_CAP	2025	2732178284131.0	281724000000.0	128528000000.0	101832000000.0	SEC_COMPANYFACTS+NASDAQ_SUMMARY_MARKET_CAP	0.9999	semiconductor	MCHP	Microchip Technology Incorporated	NASDAQ_GLOBAL_SELECT	US	0.6179	software platform	Information Technology	Software	Platform software and recurring services	LARGE_CAP	2025	47936070819.0	7634400000.0	2571000000.0	1906900000.0	SEC_COMPANYFACTS+NASDAQ_SUMMARY_MARKET_CAP	0.9999	software_platform	CRS	Carpenter Technology	NYSE	US	0.6529	software platform	Information Technology	Software	Platform software and recurring services	LARGE_CAP	2025	29815843874.0	2877100000.0	521800000.0	376000000.0	SEC_COMPANYFACTS+NASDAQ_SUMMARY_MARKET_CAP	0.9998
035720	카카오	Kakao	KOSPI	Communication Services	Media and Entertainment	Content production, distribution, and advertising	0.62	MEDIUM	global-peer-dynamic-similarity-20260721034730	2025-12-31	Content Portfolio;Digital Platform;Mobility Portfolio;Payments and Cards	media;software_platform;automotive;payments	overall_business	DIS	Walt Disney (The)	NYSE	US	0.6089	media entertainment;content	Communication Services	Media and Entertainment	Global media content and entertainment ecosystem	LARGE_CAP	2025	171584693805.0	94425000000.0	17551000000.0	13431000000.0	SEC_COMPANYFACTS+NASDAQ_SUMMARY_MARKET_CAP	0.9998	media	NFLX	Netflix	NASDAQ_GLOBAL_SELECT	US	0.5792	media entertainment;software platform	Communication Services	Media and Entertainment	Subscription streaming and global content distribution	MEGA_CAP	2025	311607512669.0	45183036000.0	13326603000.0	5407990000.0	SEC_COMPANYFACTS+NASDAQ_SUMMARY_MARKET_CAP	0.9998	operational_scale	LYV	Live Nation Entertainment	NYSE	US	0.68	media entertainment	Communication Services	Media and Entertainment	Content production, distribution, and advertising	LARGE_CAP	2025	43086269130.0	25201406000.0	1251217000.0	690740000.0	SEC_COMPANYFACTS+NASDAQ_SUMMARY_MARKET_CAP	1.0
042660	한화오션	Hanhwaosyeon	KOSPI	Industrials	Shipbuilding	Shipbuilding, marine engineering, and offshore plant construction	0.62	MEDIUM	global-peer-dynamic-similarity-20260721034730	2025-12-31	Subsidiary Portfolio;Industrial Solutions;LNG Infrastructure;Global Reach	ecosystem;industrial;energy;global_business	overall_business	GD	General Dynamics	NYSE	US	0.5665	shipbuilding;aerospace	Industrials	Shipbuilding	Defense shipbuilding, marine systems, and aerospace manufacturing	LARGE_CAP	2025	94201651340.0	52550000000.0	5356000000.0	4210000000.0	SEC_COMPANYFACTS+NASDAQ_SUMMARY_MARKET_CAP	1.0	industrial	BWXT	BWX Technologies	NYSE	US	0.525	shipbuilding;aerospace	Industrials	Shipbuilding	Naval nuclear propulsion equipment manufacturing and services	LARGE_CAP	2025	17677046525.0	682258000.0	96630000.0	329861000.0	SEC_COMPANYFACTS+NASDAQ_SUMMARY_MARKET_CAP	0.9993	operational_scale	HII	Huntington Ingalls Industries	NYSE	US	0.5156	shipbuilding;aerospace	Industrials	Shipbuilding	Naval shipbuilding and defense technology services	LARGE_CAP	2025	10977174399.0	12484000000.0	657000000.0	605000000.0	SEC_COMPANYFACTS+NASDAQ_SUMMARY_MARKET_CAP	0.9999
042700	한미반도체	Hanmibandoche	KOSPI	Information Technology	Semiconductors	Semiconductor manufacturing or supply chain	0.46	MEDIUM	global-peer-dynamic-similarity-20260721034730	2025-12-31	AI Technology;Memory Technology;Industrial Solutions;Market Leadership	ai;memory;industrial;global_business	overall_business	INTC	Intel	NASDAQ_GLOBAL_SELECT	US	0.3924	semiconductors;foundry	Information Technology	Semiconductors	Integrated semiconductor design and manufacturing	MEGA_CAP	2025	658355740000.0	52853000000.0	-2214000000.0	26000000.0	SEC_COMPANYFACTS+NASDAQ_SUMMARY_MARKET_CAP	0.54	semiconductor	MU	Micron Technology	NASDAQ_GLOBAL_SELECT	US	0.4386	semiconductors;memory chips	Information Technology	Semiconductors	Memory semiconductor manufacturing	MEGA_CAP	2025	1288603703496.0	37378000000.0	9770000000.0	8539000000.0	SEC_COMPANYFACTS+NASDAQ_SUMMARY_MARKET_CAP	0.54	operational_scale	TSM	Taiwan Semiconductor Manufacturing	NYSE	US	0.3537	semiconductors;foundry	Information Technology	Semiconductors	Pure-play semiconductor foundry manufacturing	MEGA_CAP		2348760610825.0				NASDAQ_SUMMARY_MARKET_CAP	0.5
047050	포스코인터내셔널	Poseukointeonaesyeoneol	KOSPI	Consumer Discretionary	Retail	Merchandising and commerce	0.5212	MEDIUM	global-peer-dynamic-similarity-20260721034730	2025-12-31	Global Reach;Commerce Ecosystem;Energy Infrastructure;Subsidiary Portfolio	global_business;commerce;energy;ecosystem	overall_business	WMT	Walmart	NASDAQ_GLOBAL_SELECT	US	0.5212	retail;commerce	Consumer Discretionary	Retail	Omnichannel retail and marketplace operations	MEGA_CAP	2025	912314194329.0	648125000000.0	27012000000.0	16270000000.0	SEC_COMPANYFACTS+NASDAQ_SUMMARY_MARKET_CAP	0.9998	operational_scale	SPSC	SPS Commerce	NASDAQ_GLOBAL_SELECT	US	0.611	retail	Consumer Discretionary	Retail	Merchandising and commerce	MID_CAP	2025	2113917381.0	751505000.0	118303000.0	65824000.0	SEC_COMPANYFACTS+NASDAQ_SUMMARY_MARKET_CAP	0.9996	commerce	CBRL	Cracker Barrel Old Country Store	NASDAQ_GLOBAL_SELECT	US	0.5781	retail	Consumer Discretionary	Retail	Merchandising and commerce	SMALL_CAP	2025	1200720431.0	3483684000.0	55029000.0	46379000.0	SEC_COMPANYFACTS+NASDAQ_SUMMARY_MARKET_CAP	0.9998
047810	한국항공우주	Hangukhanggonguju	KOSPI	Industrials	Aerospace and Defense	Aerospace and defense systems manufacturing	0.6827	MEDIUM	global-peer-dynamic-similarity-20260721034730	2025-12-31	Global Reach;Industrial Solutions;Fleet Operations;Aerospace Capability	global_business;industrial;industrial;industrial	overall_business	HWM	Howmet Aerospace	NYSE	US	0.6827	aerospace	Industrials	Aerospace and Defense	Aerospace and defense systems manufacturing	LARGE_CAP	2025	107520883907.0	8252000000.0	2046000000.0	765000000.0	SEC_COMPANYFACTS+NASDAQ_SUMMARY_MARKET_CAP	0.9998	operational_scale	ALK	Alaska Air Group	NYSE	US	0.6516	aerospace	Industrials	Aerospace and Defense	Aerospace and defense systems manufacturing	MID_CAP	2025	5676749284.0	14239000000.0	303000000.0	100000000.0	SEC_COMPANYFACTS+NASDAQ_SUMMARY_MARKET_CAP	0.9996	industrial	GE	GE Aerospace	NYSE	US	0.6203	aerospace	Industrials	Aerospace and Defense	Aerospace and defense systems manufacturing	MEGA_CAP	2025	390218559262.0	45855000000.0	22887000000.0	8698000000.0	SEC_COMPANYFACTS+NASDAQ_SUMMARY_MARKET_CAP	0.9995
051910	LG화학	LG Chem	KOSPI	Materials	Specialty Chemicals	Chemical and advanced materials manufacturing	0.6735	MEDIUM	global-peer-dynamic-similarity-20260721034730	2025-12-31	Petrochemical Portfolio;Biotechnology Platform;Multi-Division Operations;Advanced Materials	materials;biotechnology;ecosystem;materials	overall_business	DOW	Dow	NYSE	US	0.6735	chemicals	Materials	Specialty Chemicals	Chemical and advanced materials manufacturing	LARGE_CAP	2025	20087063877.0	39968000000.0		-2444000000.0	SEC_COMPANYFACTS+NASDAQ_SUMMARY_MARKET_CAP	0.9432	materials	ALB	Albemarle	NYSE	US	0.5678	battery;materials	Materials	Specialty Chemicals	Battery materials and specialty chemical manufacturing	LARGE_CAP	2025	15306738353.0	5142733000.0	-367084000.0	-465210000.0	SEC_COMPANYFACTS+NASDAQ_SUMMARY_MARKET_CAP	0.7869	operational_scale	EMN	Eastman Chemical	NYSE	US	0.5658	chemicals	Materials	Specialty Chemicals	Chemical and advanced materials manufacturing	MID_CAP	2025	7644306261.0	8752000000.0	1532000000.0	475000000.0	SEC_COMPANYFACTS+NASDAQ_SUMMARY_MARKET_CAP	0.789
055550	신한지주	Shinhan Financial Group	KOSPI	Financials	Banks	Banking, spread income, fees, and capital-market services	0.5458	MEDIUM	global-peer-dynamic-similarity-20260721034730	2025-12-31	Banking Network;Capital Markets;Payments and Cards;AI Technology	financial_services;financial_services;payments;ai	overall_business	C	Citigroup	NYSE	US	0.5458	banking;financials	Financials	Banks	Banking, spread income, fees, and capital-market services	MEGA_CAP	2025	244827044005.0	85225000000.0		14452000000.0	SEC_COMPANYFACTS+NASDAQ_SUMMARY_MARKET_CAP	0.8357	financial_services	JPM	JP Morgan Chase &	NYSE	US	0.5053	banking;financials	Financials	Banks	Banking, spread income, fees, and capital-market services	MEGA_CAP	2025	885417752964.0	182447000000.0		49552000000.0	SEC_COMPANYFACTS+NASDAQ_SUMMARY_MARKET_CAP	0.8379	operational_scale	BAC	Bank of America	NYSE	US	0.5087	banking;financials	Financials	Banks	Banking, spread income, fees, and capital-market services	MEGA_CAP	2025	413128024748.0	113097000000.0		30509000000.0	SEC_COMPANYFACTS+NASDAQ_SUMMARY_MARKET_CAP	0.8373
064350	현대로템	Hyeondaerotem	KOSPI	Information Technology	Software	Aerospace and defense systems manufacturing	0.48	MEDIUM	global-peer-dynamic-similarity-20260721034730	2025-12-31	Industrial Solutions;AI Technology;Energy Transition;Robotics Growth	industrial;ai;energy;industrial	overall_business	MSFT	Microsoft	NASDAQ_GLOBAL_SELECT	US	0.4441	software platform;cloud;artificial intelligence	Information Technology	Software	Enterprise software, cloud, and AI platform services	MEGA_CAP	2025	2732178284131.0	281724000000.0	128528000000.0	101832000000.0	SEC_COMPANYFACTS+NASDAQ_SUMMARY_MARKET_CAP	0.9998	industrial	WAB	Westinghouse Air Brake Technologies	NYSE	US	0.6741	software platform;aerospace	Information Technology	Software	Aerospace and defense systems manufacturing	LARGE_CAP	2025	45562609335.0	11167000000.0	1793000000.0	1183000000.0	SEC_COMPANYFACTS+NASDAQ_SUMMARY_MARKET_CAP	1.0	semiconductor	MCHP	Microchip Technology Incorporated	NASDAQ_GLOBAL_SELECT	US	0.5323	software platform	Information Technology	Software	Platform software and recurring services	LARGE_CAP	2025	47936070819.0	7634400000.0	2571000000.0	1906900000.0	SEC_COMPANYFACTS+NASDAQ_SUMMARY_MARKET_CAP	0.9999
066570	LG전자	LG Electronics	KOSPI	Consumer Discretionary	Consumer Electronics and Appliances	Consumer electronics and appliance manufacturing	0.5408	MEDIUM	global-peer-dynamic-similarity-20260721034730	2025-12-31	AI Technology;Robotics Growth;Multi-Division Operations;Telecom Network	ai;industrial;ecosystem;telecommunications	overall_business	AAPL	Apple	NASDAQ_GLOBAL_SELECT	US	0.5408	consumer electronics;software platform	Consumer Discretionary	Consumer Electronics and Appliances	Integrated consumer devices, software, and services ecosystem	MEGA_CAP	2025	4136253196720.0	416161000000.0	133050000000.0	112010000000.0	SEC_COMPANYFACTS+NASDAQ_SUMMARY_MARKET_CAP	0.9991	operational_scale	SONY	Sony Group	NYSE	US	0.56	consumer electronics	Consumer Discretionary	Consumer Electronics and Appliances	Consumer electronics and entertainment hardware	LARGE_CAP		125240893785.0				NASDAQ_SUMMARY_MARKET_CAP	0.7624	industrial	WHR	Whirlpool	NYSE	US	0.6555	consumer electronics	Consumer Discretionary	Consumer Electronics and Appliances	Consumer electronics and appliance manufacturing	MID_CAP	2025	2465871523.0	15524000000.0	838000000.0	341000000.0	SEC_COMPANYFACTS+NASDAQ_SUMMARY_MARKET_CAP	0.9999
068270	셀트리온	Celltrion	KOSPI	Health Care	Biotechnology	Biotechnology research, development, and manufacturing	0.62	MEDIUM	global-peer-dynamic-similarity-20260721034730	2025-12-31	Biosimilar Portfolio;Biotechnology Platform;Advanced Modalities;Technology Innovation	biotechnology;biotechnology;biotechnology;global_business	overall_business	BIIB	Biogen	NASDAQ_GLOBAL_SELECT	US	0.5585	biotech;biologics	Health Care	Biotechnology	Biologics and specialty drug development	LARGE_CAP	2025	31843849766.0	9890600000.0	2840700000.0	1292900000.0	SEC_COMPANYFACTS+NASDAQ_SUMMARY_MARKET_CAP	0.9999	biotechnology	TMO	Thermo Fisher Scientific	NYSE	US	0.5148	biotech;biologics cdmo	Health Care	Biotechnology	Biologics contract development and life-science services	LARGE_CAP	2025	187282353501.0	44556000000.0	7746000000.0	6721000000.0	SEC_COMPANYFACTS+NASDAQ_SUMMARY_MARKET_CAP	0.9999	operational_scale	HALO	Halozyme Therapeutics	NASDAQ_GLOBAL_SELECT	US	0.4775	biotech platform;drug delivery;royalty licensing	Health Care	Biotechnology	Biotech platform licensing	MID_CAP	2025	9120153570.0	1396611000.0	469006000.0	316889000.0	SEC_COMPANYFACTS+NASDAQ_SUMMARY_MARKET_CAP	1.0
071050	한국금융지주	Hangukgeumyung Holdings	KOSPI	Financials	Banks	Banking, spread income, fees, and capital-market services	0.5215	MEDIUM	global-peer-dynamic-similarity-20260721034730	2025-12-31	AI Technology;Banking Network;Capital Markets;Global Reach	ai;financial_services;financial_services;global_business	overall_business	C	Citigroup	NYSE	US	0.5215	banking;financials	Financials	Banks	Banking, spread income, fees, and capital-market services	MEGA_CAP	2025	244827044005.0	85225000000.0		14452000000.0	SEC_COMPANYFACTS+NASDAQ_SUMMARY_MARKET_CAP	0.8357	financial_services	JPM	JP Morgan Chase &	NYSE	US	0.489	banking;financials	Financials	Banks	Banking, spread income, fees, and capital-market services	MEGA_CAP	2025	885417752964.0	182447000000.0		49552000000.0	SEC_COMPANYFACTS+NASDAQ_SUMMARY_MARKET_CAP	0.8379	operational_scale	BAC	Bank of America	NYSE	US	0.4957	banking;financials	Financials	Banks	Banking, spread income, fees, and capital-market services	MEGA_CAP	2025	413128024748.0	113097000000.0		30509000000.0	SEC_COMPANYFACTS+NASDAQ_SUMMARY_MARKET_CAP	0.8373
079550	LIG디펜스앤에어로스페이스	LIG Dipenseuaeneeoroseupeiseu	KOSPI	Information Technology	Software	Aerospace and defense systems manufacturing	0.48	MEDIUM	global-peer-dynamic-similarity-20260721034730	2025-12-31	Payments and Cards;Industrial Solutions;LNG Infrastructure;Protection Products	payments;industrial;energy;financial_services	overall_business	MSFT	Microsoft	NASDAQ_GLOBAL_SELECT	US	0.4347	software platform;cloud;artificial intelligence	Information Technology	Software	Enterprise software, cloud, and AI platform services	MEGA_CAP	2025	2732178284131.0	281724000000.0	128528000000.0	101832000000.0	SEC_COMPANYFACTS+NASDAQ_SUMMARY_MARKET_CAP	0.9994	industrial	WAB	Westinghouse Air Brake Technologies	NYSE	US	0.6797	software platform;aerospace	Information Technology	Software	Aerospace and defense systems manufacturing	LARGE_CAP	2025	45562609335.0	11167000000.0	1793000000.0	1183000000.0	SEC_COMPANYFACTS+NASDAQ_SUMMARY_MARKET_CAP	0.9999	financial_services	SSNC	SS&C Technologies Holdings	NASDAQ_GLOBAL_SELECT	US	0.5142	software platform	Information Technology	Software	Platform software and recurring services	LARGE_CAP	2025	15112335947.0	6272200000.0	1436700000.0	798700000.0	SEC_COMPANYFACTS+NASDAQ_SUMMARY_MARKET_CAP	0.9997
086280	현대글로비스	Hyeondaegeulrobiseu	KOSPI	Industrials	Logistics and Transportation	Investment holding and portfolio management	0.62	MEDIUM	global-peer-dynamic-similarity-20260721034730	2025-12-31	Logistics Network;Battery Technology;Passenger and Cargo;LNG Infrastructure	industrial;battery;commerce;energy	overall_business	JBHT	J.B. Hunt Transport Services	NASDAQ_GLOBAL_SELECT	US	0.5645	logistics	Industrials	Logistics and Transportation	Logistics, shipping, and transportation services	LARGE_CAP	2025	26833781206.0	1629158000.0	865069000.0	598282000.0	SEC_COMPANYFACTS+NASDAQ_SUMMARY_MARKET_CAP	0.9989	industrial	AXP	American Express	NYSE	US	0.5498	logistics	Industrials	Logistics and Transportation	Logistics, shipping, and transportation services	MEGA_CAP	2025	232785900926.0	41304000000.0	2841000000.0	10833000000.0	SEC_COMPANYFACTS+NASDAQ_SUMMARY_MARKET_CAP	0.9995	operational_scale	GXO	GXO Logistics	NYSE	US	0.55	logistics	Industrials	Logistics and Transportation	Logistics, shipping, and transportation services	MID_CAP	2025	5783492569.0	13178000000.0	245000000.0	36000000.0	SEC_COMPANYFACTS+NASDAQ_SUMMARY_MARKET_CAP	0.999
086520	에코프로	EcoPro	KOSDAQ	Materials	Specialty Chemicals	Chemical and advanced materials manufacturing	0.6573	MEDIUM	global-peer-dynamic-similarity-20260721034730	2025-12-31	Subsidiary Portfolio;Multi-Division Operations;Chemical Technology;Specialty Chemicals	ecosystem;ecosystem;materials;materials	overall_business	DOW	Dow	NYSE	US	0.6573	chemicals	Materials	Specialty Chemicals	Chemical and advanced materials manufacturing	LARGE_CAP	2025	20087063877.0	39968000000.0		-2444000000.0	SEC_COMPANYFACTS+NASDAQ_SUMMARY_MARKET_CAP	0.9434	materials	ALB	Albemarle	NYSE	US	0.5717	battery;materials	Materials	Specialty Chemicals	Battery materials and specialty chemical manufacturing	LARGE_CAP	2025	15306738353.0	5142733000.0	-367084000.0	-465210000.0	SEC_COMPANYFACTS+NASDAQ_SUMMARY_MARKET_CAP	0.7887	operational_scale	EMN	Eastman Chemical	NYSE	US	0.5921	chemicals	Materials	Specialty Chemicals	Chemical and advanced materials manufacturing	MID_CAP	2025	7644306261.0	8752000000.0	1532000000.0	475000000.0	SEC_COMPANYFACTS+NASDAQ_SUMMARY_MARKET_CAP	0.7963
086790	하나금융지주	Hana Financial Group	KOSPI	Financials	Banks	Banking, spread income, fees, and capital-market services	0.526	MEDIUM	global-peer-dynamic-similarity-20260721034730	2025-12-31	Banking Network;Capital Markets;Payments and Cards;Insurance Services	financial_services;financial_services;payments;financial_services	overall_business	C	Citigroup	NYSE	US	0.526	banking;financials	Financials	Banks	Banking, spread income, fees, and capital-market services	MEGA_CAP	2025	244827044005.0	85225000000.0		14452000000.0	SEC_COMPANYFACTS+NASDAQ_SUMMARY_MARKET_CAP	0.54	financial_services	JPM	JP Morgan Chase &	NYSE	US	0.4932	banking;financials	Financials	Banks	Banking, spread income, fees, and capital-market services	MEGA_CAP	2025	885417752964.0	182447000000.0		49552000000.0	SEC_COMPANYFACTS+NASDAQ_SUMMARY_MARKET_CAP	0.54	operational_scale	BAC	Bank of America	NYSE	US	0.4967	banking;financials	Financials	Banks	Banking, spread income, fees, and capital-market services	MEGA_CAP	2025	413128024748.0	113097000000.0		30509000000.0	SEC_COMPANYFACTS+NASDAQ_SUMMARY_MARKET_CAP	0.54
090430	아모레퍼시픽	Amorepacific	KOSPI	Consumer Staples	Household and Personal Products	Branded consumer products and distribution	0.6495	MEDIUM	global-peer-dynamic-similarity-20260721034730	2025-12-31	Multi-Division Operations;Global Reach;Consumer Brand Portfolio;Household And Personal Products	ecosystem;global_business;commerce;global_business	overall_business	ELF	e.l.f. Beauty	NYSE	US	0.6495	consumer brands	Consumer Staples	Household and Personal Products	Branded consumer products and distribution	MID_CAP	2025	4096938255.0	216339000.0	149678000.0	52977000.0	SEC_COMPANYFACTS+NASDAQ_SUMMARY_MARKET_CAP	0.999	operational_scale	ULTA	Ulta Beauty	NASDAQ_GLOBAL_SELECT	US	0.6042	consumer brands	Consumer Staples	Household and Personal Products	Branded consumer products and distribution	LARGE_CAP	2025	19809474509.0	12392820000.0	1532992000.0	1153479000.0	SEC_COMPANYFACTS+NASDAQ_SUMMARY_MARKET_CAP	0.9999	industrial	SBH	Sally Beauty Holdings, . (Name to be changed from Sally Holdings, .)	NYSE	US	0.5974	consumer brands	Consumer Staples	Household and Personal Products	Branded consumer products and distribution	SMALL_CAP	2025	1348121907.0	3701424000.0	327810000.0	195878000.0	SEC_COMPANYFACTS+NASDAQ_SUMMARY_MARKET_CAP	0.9998
096770	SK이노베이션	SK Innovation	KOSPI	Energy	Energy Infrastructure	Industrial machinery and equipment manufacturing	0.5458	MEDIUM	global-peer-dynamic-similarity-20260721034730	2025-12-31	Energy Infrastructure;Battery Technology;Industrial Solutions;Product Portfolio	energy;battery;industrial;ecosystem	overall_business	FANG	Diamondback Energy	NASDAQ_GLOBAL_SELECT	US	0.5458	energy	Energy	Energy Infrastructure	Operating company	LARGE_CAP	2025	51021792677.0	15026000000.0	1266000000.0	1547000000.0	SEC_COMPANYFACTS+NASDAQ_SUMMARY_MARKET_CAP	0.7694	energy	NRG	NRG Energy	NYSE	US	0.5405	energy	Energy	Energy Infrastructure	Operating company	LARGE_CAP	2025	31586784424.0	30713000000.0	1845000000.0	864000000.0	SEC_COMPANYFACTS+NASDAQ_SUMMARY_MARKET_CAP	0.7759	operational_scale	CEG	Constellation Energy When-Issued	NASDAQ_GLOBAL_SELECT	US	0.5362	energy	Energy	Energy Infrastructure	Operating company	LARGE_CAP	2025	94339232555.0	25533000000.0	3086000000.0	2323000000.0	SEC_COMPANYFACTS+NASDAQ_SUMMARY_MARKET_CAP	0.771
105560	KB금융	KB Financial Group	KOSPI	Financials	Banks	Banking, spread income, fees, and capital-market services	0.5468	MEDIUM	global-peer-dynamic-similarity-20260721034730	2025-12-31	AI Technology;Banking Network;Capital Markets;Insurance Services	ai;financial_services;financial_services;financial_services	overall_business	C	Citigroup	NYSE	US	0.5468	banking;financials	Financials	Banks	Banking, spread income, fees, and capital-market services	MEGA_CAP	2025	244827044005.0	85225000000.0		14452000000.0	SEC_COMPANYFACTS+NASDAQ_SUMMARY_MARKET_CAP	0.8355	financial_services	JPM	JP Morgan Chase &	NYSE	US	0.5067	banking;financials	Financials	Banks	Banking, spread income, fees, and capital-market services	MEGA_CAP	2025	885417752964.0	182447000000.0		49552000000.0	SEC_COMPANYFACTS+NASDAQ_SUMMARY_MARKET_CAP	0.8377	operational_scale	BAC	Bank of America	NYSE	US	0.5119	banking;financials	Financials	Banks	Banking, spread income, fees, and capital-market services	MEGA_CAP	2025	413128024748.0	113097000000.0		30509000000.0	SEC_COMPANYFACTS+NASDAQ_SUMMARY_MARKET_CAP	0.8371
138040	메리츠금융지주	Mericheugeumyung Holdings	KOSPI	Financials	Banks	Banking, spread income, fees, and capital-market services	0.5312	MEDIUM	global-peer-dynamic-similarity-20260721034730	2025-12-31	Capital Markets;Insurance Services;Banking Network;Subsidiary Portfolio	financial_services;financial_services;financial_services;ecosystem	overall_business	C	Citigroup	NYSE	US	0.5312	banking;financials	Financials	Banks	Banking, spread income, fees, and capital-market services	MEGA_CAP	2025	244827044005.0	85225000000.0		14452000000.0	SEC_COMPANYFACTS+NASDAQ_SUMMARY_MARKET_CAP	0.836	financial_services	JPM	JP Morgan Chase &	NYSE	US	0.491	banking;financials	Financials	Banks	Banking, spread income, fees, and capital-market services	MEGA_CAP	2025	885417752964.0	182447000000.0		49552000000.0	SEC_COMPANYFACTS+NASDAQ_SUMMARY_MARKET_CAP	0.8382	operational_scale	BAC	Bank of America	NYSE	US	0.4969	banking;financials	Financials	Banks	Banking, spread income, fees, and capital-market services	MEGA_CAP	2025	413128024748.0	113097000000.0		30509000000.0	SEC_COMPANYFACTS+NASDAQ_SUMMARY_MARKET_CAP	0.8375
161390	한국타이어앤테크놀로지	Hanguktaieoaentekeunolroji	KOSPI	Consumer Discretionary	Automobiles	Automobile manufacturing and mobility supply chain	0.5549	MEDIUM	global-peer-dynamic-similarity-20260721034730	2025-12-31	Industrial Solutions;Vehicle Manufacturing;Mobility Portfolio;Energy Infrastructure	industrial;automotive;automotive;energy	overall_business	GM	General Motors	NYSE	US	0.5549	automotive	Consumer Discretionary	Automobiles	Automobile manufacturing and mobility supply chain	LARGE_CAP	2025	70185618779.0	185019000000.0	2909000000.0	2780000000.0	SEC_COMPANYFACTS+NASDAQ_SUMMARY_MARKET_CAP	0.9998	industrial	SRFM	Surf Air Mobility	NYSE	US	0.3741	automotive;aerospace	Consumer Discretionary	Automobiles	Automobile manufacturing and mobility supply chain	MICRO_CAP	2025	88854090.0		-76874000.0	-110556000.0	SEC_COMPANYFACTS+NASDAQ_SUMMARY_MARKET_CAP	0.3749	automotive	TM	Toyota Motor	NYSE	US	0.5202	automotive	Consumer Discretionary	Automobiles	Automobile manufacturing and mobility supply chain	MEGA_CAP	2025	270773470027.0	222373000000.0	14045000000.0	11520000000.0	SEC_COMPANYFACTS+NASDAQ_SUMMARY_MARKET_CAP	0.9999
196170	알테오젠	Alteogen	KOSDAQ	Health Care	Biotechnology	Biotechnology research, development, and manufacturing	0.46	MEDIUM	global-peer-dynamic-similarity-20260721034730	2025-12-31	Biotechnology Platform;Biosimilar Portfolio;Global Reach;Technology Innovation	biotechnology;biotechnology;global_business;global_business	overall_business	TMO	Thermo Fisher Scientific	NYSE	US	0.4435	biotech;biologics cdmo	Health Care	Biotechnology	Biologics contract development and life-science services	LARGE_CAP	2025	187282353501.0	44556000000.0	7746000000.0	6721000000.0	SEC_COMPANYFACTS+NASDAQ_SUMMARY_MARKET_CAP	0.54	biotechnology	BIIB	Biogen	NASDAQ_GLOBAL_SELECT	US	0.4553	biotech;biologics	Health Care	Biotechnology	Biologics and specialty drug development	LARGE_CAP	2025	31843849766.0	9890600000.0	2840700000.0	1292900000.0	SEC_COMPANYFACTS+NASDAQ_SUMMARY_MARKET_CAP	0.54	operational_scale	HALO	Halozyme Therapeutics	NASDAQ_GLOBAL_SELECT	US	0.4251	biotech platform;drug delivery;royalty licensing	Health Care	Biotechnology	Biotech platform licensing	MID_CAP	2025	9120153570.0	1396611000.0	469006000.0	316889000.0	SEC_COMPANYFACTS+NASDAQ_SUMMARY_MARKET_CAP	0.54
207940	삼성바이오로직스	Samsung Biologics	KOSPI	Health Care	Biotechnology	Biotechnology research, development, and manufacturing	0.62	MEDIUM	global-peer-dynamic-similarity-20260721034730	2025-12-31	Biomanufacturing Scale;Biotechnology Platform;Advanced Modalities;Production Expansion	biotechnology;biotechnology;biotechnology;operational_scale	overall_business	BIIB	Biogen	NASDAQ_GLOBAL_SELECT	US	0.5431	biotech;biologics	Health Care	Biotechnology	Biologics and specialty drug development	LARGE_CAP	2025	31843849766.0	9890600000.0	2840700000.0	1292900000.0	SEC_COMPANYFACTS+NASDAQ_SUMMARY_MARKET_CAP	0.9998	biotechnology	TMO	Thermo Fisher Scientific	NYSE	US	0.5109	biotech;biologics cdmo	Health Care	Biotechnology	Biologics contract development and life-science services	LARGE_CAP	2025	187282353501.0	44556000000.0	7746000000.0	6721000000.0	SEC_COMPANYFACTS+NASDAQ_SUMMARY_MARKET_CAP	0.9998	operational_scale	HALO	Halozyme Therapeutics	NASDAQ_GLOBAL_SELECT	US	0.4596	biotech platform;drug delivery;royalty licensing	Health Care	Biotechnology	Biotech platform licensing	MID_CAP	2025	9120153570.0	1396611000.0	469006000.0	316889000.0	SEC_COMPANYFACTS+NASDAQ_SUMMARY_MARKET_CAP	0.9999
247540	에코프로비엠	EcoPro BM	KOSDAQ	Industrials	Battery and Energy Storage	Battery manufacturing and energy storage supply chain	0.657	MEDIUM	global-peer-dynamic-similarity-20260721034730	2025-12-31	Battery Technology;Advanced Materials;Product Portfolio;Industrial Solutions	battery;materials;ecosystem;industrial	overall_business	TSLA	Tesla	NASDAQ_GLOBAL_SELECT	US	0.657	battery;automotive	Industrials	Battery and Energy Storage	Battery manufacturing and energy storage supply chain	MEGA_CAP	2025	1548447394775.0	94827000000.0	4355000000.0	3855000000.0	SEC_COMPANYFACTS+NASDAQ_SUMMARY_MARKET_CAP	1.0	battery	QS	QuantumScape	NASDAQ_GLOBAL_SELECT	US	0.5395	battery	Industrials	Battery and Energy Storage	Battery manufacturing and energy storage supply chain	MID_CAP	2025	4662799676.0		-472604000.0	-435050000.0	SEC_COMPANYFACTS+NASDAQ_SUMMARY_MARKET_CAP	0.4274	materials	ELBM	Electra Battery Materials	NASDAQ_CAPITAL	US	0.5229	battery;materials	Industrials	Battery and Energy Storage	Battery manufacturing and energy storage supply chain	MICRO_CAP		55095428.0				NASDAQ_SUMMARY_MARKET_CAP	0.7842
259960	크래프톤	Keuraepeuton	KOSPI	Communication Services	Interactive Entertainment	Platform software and recurring services	0.62	MEDIUM	global-peer-dynamic-similarity-20260721034730	2025-12-31	Commerce Ecosystem;Content Portfolio;Global Reach;Gaming Portfolio	commerce;media;global_business;media	overall_business	BYD	Boyd Gaming	NYSE	US	0.6002	gaming	Communication Services	Interactive Entertainment	Operating company	MID_CAP	2025	6668158295.0	4091989000.0	748406000.0	1838902000.0	SEC_COMPANYFACTS+NASDAQ_SUMMARY_MARKET_CAP	0.9998	media	GLPI	Gaming and Leisure Properties	NASDAQ_GLOBAL_SELECT	US	0.4915	gaming;leisure	Communication Services	Interactive Entertainment	Travel, leisure, and hospitality services	LARGE_CAP	2025	12965085685.0	1594752000.0	1201453000.0	850356000.0	SEC_COMPANYFACTS+NASDAQ_SUMMARY_MARKET_CAP	0.9997	operational_scale	CRSR	Corsair Gaming	NASDAQ_GLOBAL_SELECT	US	0.4955	gaming	Communication Services	Interactive Entertainment	Operating company	SMALL_CAP	2025	968887243.0	1472480000.0	2076000.0	-14965000.0	SEC_COMPANYFACTS+NASDAQ_SUMMARY_MARKET_CAP	0.7847
267250	HD현대	HD Hyundai	KOSPI	Industrials	Shipbuilding	Shipbuilding, marine engineering, and offshore plant construction	0.62	MEDIUM	global-peer-dynamic-similarity-20260721034730	2025-12-31	AI Technology;Energy Infrastructure;Subsidiary Portfolio;Industrial Solutions	ai;energy;ecosystem;industrial	overall_business	GD	General Dynamics	NYSE	US	0.5811	shipbuilding;aerospace	Industrials	Shipbuilding	Defense shipbuilding, marine systems, and aerospace manufacturing	LARGE_CAP	2025	94201651340.0	52550000000.0	5356000000.0	4210000000.0	SEC_COMPANYFACTS+NASDAQ_SUMMARY_MARKET_CAP	0.9997	industrial	HII	Huntington Ingalls Industries	NYSE	US	0.5329	shipbuilding;aerospace	Industrials	Shipbuilding	Naval shipbuilding and defense technology services	LARGE_CAP	2025	10977174399.0	12484000000.0	657000000.0	605000000.0	SEC_COMPANYFACTS+NASDAQ_SUMMARY_MARKET_CAP	0.9997	operational_scale	BWXT	BWX Technologies	NYSE	US	0.5262	shipbuilding;aerospace	Industrials	Shipbuilding	Naval nuclear propulsion equipment manufacturing and services	LARGE_CAP	2025	17677046525.0	682258000.0	96630000.0	329861000.0	SEC_COMPANYFACTS+NASDAQ_SUMMARY_MARKET_CAP	0.9979
267260	HD현대일렉트릭	HD Hyeondaeilrekteurik	KOSPI	Industrials	Electrical Equipment	Electrical equipment and components manufacturing	0.663	MEDIUM	global-peer-dynamic-similarity-20260721034730	2025-12-31	Energy Infrastructure;AI Technology;Industrial Solutions;Digital Broadcasting	energy;ai;industrial;media	overall_business	AEP	American Electric Power	NASDAQ_GLOBAL_SELECT	US	0.663	electrical equipment;energy	Industrials	Electrical Equipment	Electrical equipment and components manufacturing	LARGE_CAP	2025	74659371966.0	21876000000.0	5319000000.0	3696000000.0	SEC_COMPANYFACTS+NASDAQ_SUMMARY_MARKET_CAP	0.9999	energy	PCG	Pacific Gas & Electric	NYSE	US	0.6596	electrical equipment;energy	Industrials	Electrical Equipment	Electrical equipment and components manufacturing	LARGE_CAP	2025	46350052060.0	24935000000.0	4749000000.0	2703000000.0	SEC_COMPANYFACTS+NASDAQ_SUMMARY_MARKET_CAP	0.9998	industrial	LECO	Lincoln Electric Holdings, . Common Shares	NASDAQ_GLOBAL_SELECT	US	0.6586	electrical equipment	Industrials	Electrical Equipment	Electrical equipment and components manufacturing	LARGE_CAP	2025	14422158836.0	4233003000.0	718059000.0	520533000.0	SEC_COMPANYFACTS+NASDAQ_SUMMARY_MARKET_CAP	0.9999
272210	한화시스템	Hanhwasiseutem	KOSPI	Information Technology	Software	Aerospace and defense systems manufacturing	0.48	MEDIUM	global-peer-dynamic-similarity-20260721034730	2025-12-31	Global Reach;Telecom Network;Aerospace Capability;Subsidiary Portfolio	global_business;telecommunications;industrial;ecosystem	overall_business	MSFT	Microsoft	NASDAQ_GLOBAL_SELECT	US	0.4405	software platform;cloud;artificial intelligence	Information Technology	Software	Enterprise software, cloud, and AI platform services	MEGA_CAP	2025	2732178284131.0	281724000000.0	128528000000.0	101832000000.0	SEC_COMPANYFACTS+NASDAQ_SUMMARY_MARKET_CAP	0.9991	operational_scale	WAB	Westinghouse Air Brake Technologies	NYSE	US	0.6585	software platform;aerospace	Information Technology	Software	Aerospace and defense systems manufacturing	LARGE_CAP	2025	45562609335.0	11167000000.0	1793000000.0	1183000000.0	SEC_COMPANYFACTS+NASDAQ_SUMMARY_MARKET_CAP	0.9997	industrial	AIT	Applied Industrial Technologies	NYSE	US	0.5352	software platform;industrial machinery	Information Technology	Software	Platform software and recurring services	LARGE_CAP	2025	12456104508.0	4563424000.0	498529000.0	392988000.0	SEC_COMPANYFACTS+NASDAQ_SUMMARY_MARKET_CAP	0.9998
278470	에이피알	Eipial	KOSPI	Consumer Staples	Household and Personal Products	Branded consumer products and distribution	0.6572	MEDIUM	global-peer-dynamic-similarity-20260721034730	2025-12-31	Subsidiary Portfolio;Consumer Brand Portfolio;Household And Personal Products;Branded Consumer Products	ecosystem;commerce;global_business;commerce	overall_business	ULTA	Ulta Beauty	NASDAQ_GLOBAL_SELECT	US	0.6572	consumer brands	Consumer Staples	Household and Personal Products	Branded consumer products and distribution	LARGE_CAP	2025	19809474509.0	12392820000.0	1532992000.0	1153479000.0	SEC_COMPANYFACTS+NASDAQ_SUMMARY_MARKET_CAP	0.9997	operational_scale	ELF	e.l.f. Beauty	NYSE	US	0.6259	consumer brands	Consumer Staples	Household and Personal Products	Branded consumer products and distribution	MID_CAP	2025	4096938255.0	216339000.0	149678000.0	52977000.0	SEC_COMPANYFACTS+NASDAQ_SUMMARY_MARKET_CAP	0.9997	industrial	SBH	Sally Beauty Holdings, . (Name to be changed from Sally Holdings, .)	NYSE	US	0.5856	consumer brands	Consumer Staples	Household and Personal Products	Branded consumer products and distribution	SMALL_CAP	2025	1348121907.0	3701424000.0	327810000.0	195878000.0	SEC_COMPANYFACTS+NASDAQ_SUMMARY_MARKET_CAP	0.9991
298040	효성중공업	Hyoseongjunggongeop	KOSPI	Industrials	Electrical Equipment	Electrical equipment and components manufacturing	0.6285	MEDIUM	global-peer-dynamic-similarity-20260721034730	2025-12-31	Energy Infrastructure;Power Grid;Subsidiary Portfolio;Global Reach	energy;energy;ecosystem;global_business	overall_business	AEP	American Electric Power	NASDAQ_GLOBAL_SELECT	US	0.6285	electrical equipment;energy	Industrials	Electrical Equipment	Electrical equipment and components manufacturing	LARGE_CAP	2025	74659371966.0	21876000000.0	5319000000.0	3696000000.0	SEC_COMPANYFACTS+NASDAQ_SUMMARY_MARKET_CAP	0.9998	energy	PCG	Pacific Gas & Electric	NYSE	US	0.6252	electrical equipment;energy	Industrials	Electrical Equipment	Electrical equipment and components manufacturing	LARGE_CAP	2025	46350052060.0	24935000000.0	4749000000.0	2703000000.0	SEC_COMPANYFACTS+NASDAQ_SUMMARY_MARKET_CAP	0.9998	operational_scale	EMR	Emerson Electric	NYSE	US	0.6309	electrical equipment	Industrials	Electrical Equipment	Electrical equipment and components manufacturing	LARGE_CAP	2025	80004684000.0	4175000000.0		2246000000.0	SEC_COMPANYFACTS+NASDAQ_SUMMARY_MARKET_CAP	0.9416
316140	우리금융지주	Urigeumyung Holdings	KOSPI	Financials	Banks	Banking, spread income, fees, and capital-market services	0.5505	MEDIUM	global-peer-dynamic-similarity-20260721034730	2025-12-31	Banking Network;Insurance Services;Capital Markets;Subsidiary Portfolio	financial_services;financial_services;financial_services;ecosystem	overall_business	C	Citigroup	NYSE	US	0.5505	banking;financials	Financials	Banks	Banking, spread income, fees, and capital-market services	MEGA_CAP	2025	244827044005.0	85225000000.0		14452000000.0	SEC_COMPANYFACTS+NASDAQ_SUMMARY_MARKET_CAP	0.836	financial_services	JPM	JP Morgan Chase &	NYSE	US	0.5081	banking;financials	Financials	Banks	Banking, spread income, fees, and capital-market services	MEGA_CAP	2025	885417752964.0	182447000000.0		49552000000.0	SEC_COMPANYFACTS+NASDAQ_SUMMARY_MARKET_CAP	0.8382	operational_scale	BAC	Bank of America	NYSE	US	0.5128	banking;financials	Financials	Banks	Banking, spread income, fees, and capital-market services	MEGA_CAP	2025	413128024748.0	113097000000.0		30509000000.0	SEC_COMPANYFACTS+NASDAQ_SUMMARY_MARKET_CAP	0.8375
323410	카카오뱅크	Kakaobaengkeu	KOSPI	Financials	Banks	Banking, spread income, fees, and capital-market services	0.52	MEDIUM	global-peer-dynamic-similarity-20260721034730	2025-12-31	Banking Network;Capital Markets;Payments and Cards;Global Reach	financial_services;financial_services;payments;global_business	overall_business	JPM	JP Morgan Chase &	NYSE	US	0.5117	banking;financials	Financials	Banks	Banking, spread income, fees, and capital-market services	MEGA_CAP	2025	885417752964.0	182447000000.0		49552000000.0	SEC_COMPANYFACTS+NASDAQ_SUMMARY_MARKET_CAP	0.9398	financial_services	C	Citigroup	NYSE	US	0.5417	banking;financials	Financials	Banks	Banking, spread income, fees, and capital-market services	MEGA_CAP	2025	244827044005.0	85225000000.0		14452000000.0	SEC_COMPANYFACTS+NASDAQ_SUMMARY_MARKET_CAP	0.9398	operational_scale	BAC	Bank of America	NYSE	US	0.5163	banking;financials	Financials	Banks	Banking, spread income, fees, and capital-market services	MEGA_CAP	2025	413128024748.0	113097000000.0		30509000000.0	SEC_COMPANYFACTS+NASDAQ_SUMMARY_MARKET_CAP	0.9398
329180	HD현대중공업	HD Hyeondaejunggongeop	KOSPI	Industrials	Shipbuilding	Shipbuilding, marine engineering, and offshore plant construction	0.62	MEDIUM	global-peer-dynamic-similarity-20260721034730	2025-12-31	Industrial Solutions;Energy Infrastructure;Biomanufacturing Scale;LNG Infrastructure	industrial;energy;biotechnology;energy	overall_business	GD	General Dynamics	NYSE	US	0.5891	shipbuilding;aerospace	Industrials	Shipbuilding	Defense shipbuilding, marine systems, and aerospace manufacturing	LARGE_CAP	2025	94201651340.0	52550000000.0	5356000000.0	4210000000.0	SEC_COMPANYFACTS+NASDAQ_SUMMARY_MARKET_CAP	0.9999	industrial	BWXT	BWX Technologies	NYSE	US	0.5348	shipbuilding;aerospace	Industrials	Shipbuilding	Naval nuclear propulsion equipment manufacturing and services	LARGE_CAP	2025	17677046525.0	682258000.0	96630000.0	329861000.0	SEC_COMPANYFACTS+NASDAQ_SUMMARY_MARKET_CAP	0.9994	operational_scale	HII	Huntington Ingalls Industries	NYSE	US	0.538	shipbuilding;aerospace	Industrials	Shipbuilding	Naval shipbuilding and defense technology services	LARGE_CAP	2025	10977174399.0	12484000000.0	657000000.0	605000000.0	SEC_COMPANYFACTS+NASDAQ_SUMMARY_MARKET_CAP	0.9999
352820	하이브	HYBE	KOSPI	Communication Services	Media and Entertainment	Content production, distribution, and advertising	0.5139	MEDIUM	global-peer-dynamic-similarity-20260721034730	2025-12-31	Content Portfolio;Commerce Ecosystem;Global Reach;Media and Content	media;commerce;global_business;media	overall_business	DIS	Walt Disney (The)	NYSE	US	0.5139	media entertainment;content	Communication Services	Media and Entertainment	Global media content and entertainment ecosystem	LARGE_CAP	2025	171584693805.0	94425000000.0	17551000000.0	13431000000.0	SEC_COMPANYFACTS+NASDAQ_SUMMARY_MARKET_CAP	0.775	media	NFLX	Netflix	NASDAQ_GLOBAL_SELECT	US	0.5006	media entertainment;software platform	Communication Services	Media and Entertainment	Subscription streaming and global content distribution	MEGA_CAP	2025	311607512669.0	45183036000.0	13326603000.0	5407990000.0	SEC_COMPANYFACTS+NASDAQ_SUMMARY_MARKET_CAP	0.7811	operational_scale	CZR	Caesars Entertainment	NASDAQ_GLOBAL_SELECT	US	0.6074	media entertainment	Communication Services	Media and Entertainment	Content production, distribution, and advertising	MID_CAP	2025	6083829899.0	11486000000.0	1858000000.0	-437000000.0	SEC_COMPANYFACTS+NASDAQ_SUMMARY_MARKET_CAP	0.9986
373220	LG에너지솔루션	LG Energy Solution	KOSPI	Industrials	Battery and Energy Storage	Battery manufacturing and energy storage supply chain	0.6728	MEDIUM	global-peer-dynamic-similarity-20260721034730	2025-12-31	Battery Technology;Subsidiary Portfolio;Industrial Solutions;Cloud Infrastructure	battery;ecosystem;industrial;software_platform	overall_business	TSLA	Tesla	NASDAQ_GLOBAL_SELECT	US	0.6728	battery;automotive	Industrials	Battery and Energy Storage	Battery manufacturing and energy storage supply chain	MEGA_CAP	2025	1548447394775.0	94827000000.0	4355000000.0	3855000000.0	SEC_COMPANYFACTS+NASDAQ_SUMMARY_MARKET_CAP	0.9993	battery	QS	QuantumScape	NASDAQ_GLOBAL_SELECT	US	0.5371	battery	Industrials	Battery and Energy Storage	Battery manufacturing and energy storage supply chain	MID_CAP	2025	4662799676.0		-472604000.0	-435050000.0	SEC_COMPANYFACTS+NASDAQ_SUMMARY_MARKET_CAP	0.4322	industrial	ELBM	Electra Battery Materials	NASDAQ_CAPITAL	US	0.5259	battery;materials	Industrials	Battery and Energy Storage	Battery manufacturing and energy storage supply chain	MICRO_CAP		55095428.0				NASDAQ_SUMMARY_MARKET_CAP	0.7842
402340	SK스퀘어	SK Seukweeo	KOSPI	Information Technology	Semiconductors	Semiconductor manufacturing or supply chain	0.46	MEDIUM	global-peer-dynamic-similarity-20260721034730	2025-12-31	Mobility Portfolio;Commerce Ecosystem;Subsidiary Portfolio;Semiconductor Capability	automotive;commerce;ecosystem;semiconductor	overall_business	INTC	Intel	NASDAQ_GLOBAL_SELECT	US	0.3929	semiconductors;foundry	Information Technology	Semiconductors	Integrated semiconductor design and manufacturing	MEGA_CAP	2025	658355740000.0	52853000000.0	-2214000000.0	26000000.0	SEC_COMPANYFACTS+NASDAQ_SUMMARY_MARKET_CAP	0.54	operational_scale	MU	Micron Technology	NASDAQ_GLOBAL_SELECT	US	0.4351	semiconductors;memory chips	Information Technology	Semiconductors	Memory semiconductor manufacturing	MEGA_CAP	2025	1288603703496.0	37378000000.0	9770000000.0	8539000000.0	SEC_COMPANYFACTS+NASDAQ_SUMMARY_MARKET_CAP	0.54	industrial	ON	ON Semiconductor	NASDAQ_GLOBAL_SELECT	US	0.5102	semiconductors	Information Technology	Semiconductors	Semiconductor manufacturing or supply chain	LARGE_CAP	2025	34765732074.0	5995400000.0	84200000.0	123600000.0	SEC_COMPANYFACTS+NASDAQ_SUMMARY_MARKET_CAP	0.54

